Ticker,Horizon,Mode,n,relQLIKE_MF2,relQLIKE_MF2V,relRMSE_MF2,relRMSE_MF2V,dbar_QL,dbar_SE,J_HAC,DM_iid_QL,DM_HAC_QL,DM_HLN_QL,p_HLN_QL,p_boot_QL,DM_iid_SE,DM_HAC_SE,DM_HLN_SE,p_HLN_SE,p_boot_SE
AAPL,1d,filtered,50,0.780378467392734,0.782515773386934,0.693145507856558,0.689384525971316,-0.00446985496062589,0.110354626263285,3,-1.48987952801714,-1.34722014260086,-1.33367989801785,0.905762340457652,0.8778,0.578333528881231,0.547517285224878,0.542014459279104,0.29513250667072,0.2483
AAPL,5d,filtered,50,0.934157568695416,0.933849272631627,1.04111572601896,1.01424182041385,0.00109304706000021,11.5959875952307,3,0.405565519149367,0.357535186423081,0.35394177676558,0.362450517745263,0.384,1.28858135258,1.31133246588501,1.29815291062431,0.100156008471261,0.0365
AAPL,10d,filtered,50,0.954397626763533,0.954050955816417,1.1131203518843,1.07640649133364,0.00144894294155468,50.1450906768687,3,0.49639005736161,0.395271680123899,0.391298999597252,0.348636332420966,0.3721,1.37404685307107,1.41510936669338,1.40088680103329,0.0837747014460637,0.0239
AAPL,15d,filtered,50,0.961756591268335,0.961189543195196,1.12636628100357,1.08115356478823,0.0025682819276478,120.79820043103,3,0.863048896918046,0.65952891669635,0.652900317138449,0.258436151787683,0.3002,1.54633056110795,1.57820899014653,1.56234719068706,0.0623211569283015,0.0144
AAPL,1m,filtered,50,0.969327445093987,0.968401167058831,0.992303320805758,0.941530700675963,0.00458855239443698,208.564757247211,3,1.95758466049267,1.44716678600546,1.43262202704937,0.0791575821683101,0.1494,1.72863586024923,1.71309803282882,1.69588053019083,0.0481271139198958,0.0113
AAPL,2m,filtered,50,0.983942095151388,0.981461298225255,0.941364712480863,0.870235505089782,0.0121606596229204,247.959555290987,3,3.19202312714754,2.537429930394,2.46117623364948,0.0087086902700535,0.0375,3.30634106157239,2.94043790854304,2.85207319829494,0.00317140531184135,0.0069
AAPL,3m,filtered,50,0.98200897308041,0.979900056943586,0.870484619498055,0.809011216242656,0.0103678715868387,217.617960733117,3,2.43478041199254,1.89765250718904,1.80267000261503,0.0387959562932754,0.0754,3.58409869327522,2.64736454746083,2.5148569812517,0.0076195375391126,0.0163
AAPL,4m,filtered,50,0.981158834497752,0.980032707196697,0.862166990170946,0.817915646717825,0.00551622970698443,169.834435355435,3,1.26916742197086,0.926105058441786,0.861227912317037,0.196653715057011,0.2523,3.06157663737723,1.88493468409678,1.75288791270617,0.0429380389758232,0.06
AAPL,5m,filtered,50,0.985293367948913,0.984768184191309,0.90674282147841,0.868140124646148,0.00254109101437621,146.129084605975,4,0.562881529012766,0.381379073205116,0.347034001089866,0.365025930383194,0.3886,2.51902611529483,1.39102189829565,1.26575349536689,0.105793348923939,0.1092
AAPL,6m,filtered,50,0.98690142617414,0.986917951901824,0.939661930017668,0.905475665997657,-7.91014082449415e-05,135.359377579687,5,-0.0170213408253381,-0.0108103988432446,-0.00962064762554055,0.503818492160307,0.5009,2.21009193573113,1.15227057029195,1.02545607121488,0.155091973066793,0.154
AAPL,7m,filtered,50,0.988178494902579,0.988511020403972,0.946726589722404,0.916167612579306,-0.0015962319878142,119.799612991441,6,-0.333612780746901,-0.217024656341465,-0.188798977923682,0.574484908321509,0.5716,1.97286910713688,1.0280974288577,0.894385675095361,0.187743916269223,0.1655
AAPL,8m,filtered,50,0.990521256200397,0.991231084908163,0.957020867842987,0.93327064417772,-0.00344874439984602,90.685753624215,7,-0.615623022683443,-0.455162108664244,-0.386861017196413,0.649732914942967,0.6319,1.44887683956938,0.769493431019442,0.654024150480706,0.258077073444474,0.2221
AAPL,1d,unfiltered,127,0.837735557980606,0.83806755173903,0.96635830659774,0.965991761972951,-0.00075604635558179,0.048233609459797,4,-0.291078781952605,-0.306256841599566,-0.305048723116737,0.619583816443657,0.616,0.557419341395825,0.557030900844508,0.554833531723536,0.289996060574434,0.2551
AAPL,5d,unfiltered,127,0.925374070139808,0.924034924107323,0.921492965734293,0.919583915772438,0.00529970140175891,4.51977209516078,4,1.29711527281031,1.27438629336658,1.2693591089052,0.103326311815168,0.0491,1.22638733625237,1.2096104030249,1.20483874575421,0.11526183828626,0.0434
AAPL,10d,unfiltered,127,0.944042476373957,0.943554005815433,0.933453034408467,0.930381692684771,0.00219250894985136,20.3603514810294,4,0.891536333605188,0.849003328849235,0.84565419023666,0.19967437281634,0.1687,1.37690448197084,1.34267215821878,1.33737560045944,0.091754636758931,0.0246
AAPL,15d,unfiltered,127,0.953539273332139,0.953064957741757,0.930178169884062,0.924947463528788,0.00229656779308492,54.4052284985324,4,1.07245065950291,0.934992765552368,0.931304416794262,0.176738556967396,0.1758,1.70800103697695,1.60901821047805,1.60267097386079,0.0557556519115397,0.0092
AAPL,1m,unfiltered,127,0.962212772907305,0.961660605126517,0.909867944554925,0.904854468284893,0.00294051952985581,86.1322905240744,4,1.42761507047266,1.32782208057582,1.32258410323277,0.0941846430352087,0.0806,1.61836365134275,1.82485693576231,1.81765826101239,0.0357461676604029,0.0073
AAPL,2m,unfiltered,127,0.987550656333568,0.986229689413846,0.974352421491454,0.968059292079762,0.00703193824544457,116.335966735736,4,2.1848068737647,1.71699037773626,1.69669749802626,0.0461114680787518,0.0304,3.17388780560311,2.40124828289728,2.37286825049261,0.00958143534595368,0.0094
AAPL,3m,unfiltered,127,0.993097369920961,0.991426466097851,0.981614760900158,0.974311865200337,0.00889051333706177,135.272258536993,4,2.55916044267477,2.00344752072111,1.96399373880451,0.0258662513728903,0.0133,3.78208344948356,2.47926089287254,2.43043694436875,0.00824448784170784,0.0088
AAPL,4m,unfiltered,127,0.99248240850623,0.991098551845847,0.979589061073612,0.973249326873669,0.00735778410367107,116.969923206365,4,1.88047248566922,1.4903410129162,1.4492567452492,0.0748751101177869,0.0522,3.37994307426128,2.10227992424852,2.04432632143531,0.0215023615224776,0.0236
AAPL,5m,unfiltered,127,0.990293554436366,0.989437900667681,0.97418251049045,0.969199175366431,0.0045483625538031,91.6702703358003,4,1.08720883216303,0.847470704413992,0.817435405677854,0.2076113366233,0.1873,2.66306227344617,1.64532357608157,1.58701148945978,0.0575082228675328,0.0609
AAPL,6m,unfiltered,127,0.991367932413531,0.990549013740131,0.977110896516504,0.972349586523788,0.00435329014333534,87.9906873131979,5,1.08972264945346,0.786201905392151,0.752147422456889,0.226682593367897,0.2131,2.59627153999023,1.49682183553148,1.43198671708972,0.077311829628895,0.0769
AAPL,7m,unfiltered,127,0.992926696340271,0.991625225847733,0.982647567102395,0.977226774002099,0.00692533071102594,100.432611371782,6,1.29695246564582,0.954438558039485,0.905581544551217,0.183442893632318,0.14,2.55342082327688,1.53892562886671,1.46014914862745,0.0733690042926799,0.0624
AAPL,8m,unfiltered,127,0.992385691644964,0.990973970749205,0.982321319011842,0.977045968853032,0.00751658430898199,97.9356325776119,7,1.1233100083283,0.803817024258371,0.756340894349673,0.225428325875964,0.1855,2.16498092149893,1.33110051977829,1.25248125781773,0.106357124801881,0.0939
AMZN,1d,filtered,25,0.863100251542105,0.885534312766415,0.838447297317147,0.850244414430049,-0.0603405756203293,-1.32366641185978,2,-1.26549889125546,-1.53031516035535,-1.49939651540641,0.92659441539362,0.9846,-1.48169319483992,-1.84569243808549,-1.80840187816915,0.958454127126049,0.9953
AMZN,5d,filtered,25,0.932517461946442,0.935196451679499,0.655563299392948,0.670767802110358,-0.0108610304834269,-12.0702157773671,2,-1.46343373292519,-1.77213338380253,-1.73632901858718,0.952336193871783,0.9748,-1.89709890993633,-1.95403341851214,-1.91455392628042,0.966228007631934,0.9804
AMZN,10d,filtered,25,0.953451293040184,0.954438702395339,0.635696637877848,0.651007023011169,-0.00448246168031241,-34.757834178728,2,-0.417254198796285,-0.477783372028915,-0.468130187622874,0.678042482283891,0.6389,-0.970204010507131,-1.00750822778795,-0.987152427894496,0.83329191055066,0.8034
AMZN,15d,filtered,25,0.958975114691679,0.959546420263574,0.637627588844664,0.650781843360967,-0.00278544175860707,-64.9542284312924,2,-0.230364098106212,-0.27118342813915,-0.26570441025585,0.60363199543708,0.5712,-0.721589572639203,-0.784189271913389,-0.768345431180982,0.775111604444326,0.7401
AMZN,1m,filtered,25,0.965408102758754,0.965436099441096,0.628860627045514,0.638443025450114,-0.00014684468983301,-84.2467199603267,2,-0.0113374464010911,-0.0130383886756237,-0.0127749597293443,0.505043531135386,0.4718,-0.443754361899124,-0.485438689251105,-0.475630836028277,0.680680942688648,0.6464
AMZN,2m,filtered,25,0.973735632601354,0.97487923081242,0.704813427816958,0.722995474008572,-0.00597379032162454,-180.908086942263,2,-0.326566844013684,-0.346425245114457,-0.325566014565013,0.626212910762612,0.612,-0.62949844863024,-0.661440572761688,-0.621613390428503,0.729971779509552,0.7536
AMZN,3m,filtered,25,0.980491534331585,0.981943543720628,0.749332036962219,0.777717394744716,-0.00755054698844944,-282.811014876663,2,-0.307488767544589,-0.303724052975387,-0.273284145109175,0.606513619983939,0.6179,-0.655399389344711,-0.629732578740774,-0.566619363012762,0.711883002720079,0.7585
AMZN,4m,filtered,25,0.980288759432434,0.983096255557771,0.775696755020379,0.811831873960042,-0.0144301151757456,-392.288186924297,3,-0.468233470356073,-0.456882723580892,-0.392812876113383,0.65103750126119,0.6883,-0.672388266611582,-0.638050674501788,-0.5485751761256,0.705817803153817,0.7615
AMZN,5m,filtered,25,0.979646307107884,0.983252628986376,0.781391832833883,0.820999263243444,-0.0183864657392953,-433.676523981417,4,-0.600368926600125,-0.606048180104278,-0.496811669066236,0.688078885661293,0.7834,-0.6982089467231,-0.672324823095115,-0.551142348879051,0.706684527125928,0.8047
AMZN,6m,filtered,25,0.977210375767531,0.982543760354977,0.775131182325951,0.830349351329629,-0.0269683999784992,-643.101376274474,5,-0.866005140364055,-0.844916235253028,-0.65881798268812,0.741857919081186,0.8501,-0.957806544617315,-0.859368488553453,-0.670087033947186,0.745400473949194,0.8497
AMZN,7m,filtered,25,0.97753507600493,0.981893878123382,0.7932540726022,0.835797528071355,-0.0219173187104423,-538.679251057667,6,-0.6666436648335,-0.673005338710272,-0.497842024082218,0.688436747125789,0.7861,-0.739770298164445,-0.671247932287178,-0.496542018390606,0.687985199762347,0.7885
AMZN,8m,filtered,25,0.980350234257476,0.984032702795509,0.812936067320413,0.852349559636913,-0.018613381109046,-519.63799967353,6,-0.554939268477299,-0.560998054080811,-0.392538319973644,0.650937443162322,0.7332,-0.676640713936737,-0.614337968855525,-0.429861017228824,0.664434131381202,0.7629
AMZN,1d,unfiltered,127,0.851056000726509,0.855053520476006,0.962689222676976,0.962018496886443,-0.0105496907634252,0.299604022440985,4,-0.928902505701419,-0.912318648092826,-0.908719743933709,0.81738352668391,0.8481,0.532023656951787,0.696412462388502,0.693665262479139,0.244584484844066,0.1895
AMZN,5d,unfiltered,127,0.940074324444738,0.940405278527008,0.878575629750917,0.882227009697807,-0.00134781659501355,-6.073977376265,4,-0.246206073565123,-0.227028480897259,-0.226132901544752,0.589267763319003,0.5791,-0.904344290342119,-0.972421421250714,-0.968585424360078,0.832696184444673,0.8408
AMZN,10d,unfiltered,127,0.959279646156264,0.959049672911555,0.802316742508686,0.807105480906008,0.00107547209966479,-16.8694254758139,4,0.19740960479984,0.1654821709546,0.164829378780996,0.434671212304991,0.4445,-0.72800366966056,-0.565294564209549,-0.563064596683934,0.712804260026884,0.6988
AMZN,15d,unfiltered,127,0.974330001531742,0.973069657623773,0.854767259785046,0.848134217387813,0.00641302821525778,43.9089552966029,4,1.00243801342061,0.982574947432428,0.978698897027944,0.164802085366648,0.1436,0.687406078024884,0.608399643280074,0.605999635331992,0.272802572371583,0.3266
AMZN,1m,unfiltered,127,0.983763936592957,0.984705644396265,0.894298713590221,0.891357634670127,-0.00524368820752712,44.0518981461681,4,-0.468532791304887,-0.549745349226216,-0.547576720065866,0.707524378468135,0.7487,0.346943771462452,0.328249298109689,0.32695442403618,0.372122440550995,0.4027
AMZN,2m,unfiltered,127,0.989186596427526,0.991808859245204,0.899440106502914,0.907114793779999,-0.014583560857262,-116.570901682637,4,-1.2004657446509,-1.24651594195649,-1.23178353669976,0.889838072580278,0.9265,-0.863417422575824,-0.811883565136058,-0.802288021829898,0.788051508172348,0.7554
AMZN,3m,unfiltered,127,0.994193290132882,0.995219912728572,0.913869840334297,0.922854392619686,-0.0057114523656123,-137.718311980172,4,-0.557955080613048,-0.498580726610296,-0.488762203763028,0.687070151395,0.6915,-0.881741925428135,-0.751661889919278,-0.736859453632241,0.768711176898099,0.7635
AMZN,4m,unfiltered,127,0.999378554364217,1.00079738658795,0.955827494140886,0.958570853074764,-0.00790702117002372,-43.5863026181377,4,-0.679633902164198,-0.643251633815581,-0.625519100072045,0.733619123713189,0.767,-0.235346867022574,-0.199532386305639,-0.194031872063483,0.576768301278044,0.593
AMZN,5m,unfiltered,127,0.997736712563988,0.998883068624582,0.954735207031094,0.961464866531469,-0.00638025940037895,-107.453892085776,4,-0.432189423523538,-0.535379129607543,-0.516404701333972,0.69676154249265,0.706,-0.501310483476243,-0.473765413388818,-0.456974643338751,0.675761930285419,0.6898
AMZN,6m,unfiltered,127,0.995829739383441,0.999711957970639,0.943290624877237,0.966686294715613,-0.0216050103485386,-369.632104305504,5,-1.38417058070353,-1.37670073551788,-1.31706868504444,0.904897069269965,0.9365,-1.614231443238,-1.32619092456962,-1.26874671602737,0.896564839774246,0.886
AMZN,7m,unfiltered,127,0.997391335031689,1.00141551929596,0.958447294845945,0.981009829506271,-0.0224108899775477,-357.876134120957,6,-1.47727690060506,-1.25343648160054,-1.18927398253508,0.881715890043709,0.9336,-1.46652212935117,-1.11513467818407,-1.05805174753929,0.853971958566524,0.8699
AMZN,8m,unfiltered,127,0.998016064863875,1.00198576160504,0.963094775636137,0.989941644817607,-0.0220947878998378,-432.627499567294,7,-1.58779919986944,-1.34182424368626,-1.26257160261827,0.895462548454755,0.9145,-1.71787244221907,-1.29433943669675,-1.2178914076204,0.887229500690928,0.8933
JNJ,1d,filtered,39,0.737565822990103,0.73073953667663,0.958997591759206,0.965523354697342,0.00494424465511675,-0.0254181256331658,3,0.397571968826853,0.454874928677642,0.449005328850241,0.327989074645367,0.282,-0.551178663724445,-0.68157573077146,-0.672780836747895,0.747421148898094,0.8119
JNJ,5d,filtered,39,0.952766918574522,0.954502090518055,0.956191003920848,0.991855207798041,-0.0041665691159062,-1.17927747140906,3,-0.755966445708094,-0.969638714685322,-0.957126723204711,0.827723311977483,0.8541,-1.67032454718649,-2.04416398775385,-2.01778657314325,0.974642369404174,0.9943
JNJ,10d,filtered,39,0.992241427178937,0.994752059090376,1.05522324437837,1.10429384440308,-0.00817861462086054,-3.88866776019594,3,-1.41521938632411,-1.3667116927865,-1.34907596434702,0.907351529239653,0.9253,-1.57336899719066,-1.7223305119512,-1.70010596133667,0.951358338406008,0.9777
JNJ,15d,filtered,39,0.990178803311703,0.992126686014408,1.01128108772357,1.05415015903715,-0.00712073964229158,-6.8495531303713,3,-1.2256573401768,-1.39981778129743,-1.38175485962492,0.912441492814451,0.9303,-1.34757245249748,-1.57055160976892,-1.55028557865478,0.935318796044956,0.9778
JNJ,1m,filtered,39,0.990925963714006,0.991803637884067,0.988249878263789,1.02696191430152,-0.00349190295296363,-11.4416174431071,3,-0.619295655238749,-0.704209289923806,-0.695122337739813,0.754396161913268,0.7741,-1.07265845147554,-1.28215939959931,-1.26561471420092,0.893321909113138,0.9546
JNJ,2m,filtered,39,0.991066464581488,0.990831283255445,0.907861240016727,0.924342638926033,0.000914268229548335,-4.41877027585977,3,0.207444000184785,0.220845995269135,0.212333041962927,0.416491052307825,0.4345,-0.587872076890558,-0.686670418041952,-0.660201324960045,0.743446560509862,0.7865
JNJ,3m,filtered,39,0.992463019229187,0.993183081180514,0.906955392447173,0.942784928142088,-0.00278664090331343,-9.41289380427501,3,-0.385822610005018,-0.52002900214252,-0.48664814290783,0.685348573898257,0.7274,-0.794616120446068,-0.975800832103777,-0.913163805931489,0.816543000193746,0.8921
JNJ,4m,filtered,39,0.991595280587602,0.992810634871087,0.872170142714036,0.913709308223665,-0.00467425594160976,-9.77924394569188,3,-0.910993464846337,-1.1410131555528,-1.03851151720255,0.847202395162869,0.8983,-1.22138125481774,-1.39531539994347,-1.26996880440817,0.894091242719327,0.9494
JNJ,5m,filtered,39,0.99194942590682,0.991654741939974,0.863529017711346,0.88069305606417,0.00112595329459209,-3.69257993642351,4,0.151548442880581,0.176620699555721,0.156224978743469,0.438341355927652,0.4428,-0.297371139460407,-0.339477714240875,-0.300275668846111,0.617198236069562,0.7179
JNJ,6m,filtered,39,0.992094573615696,0.991418116529472,0.86487590024568,0.870549715626494,0.00258059115502918,-1.17236959918264,5,0.360330525869085,0.41443445758586,0.355948919122191,0.361923702173511,0.3641,-0.0988520849178914,-0.111903884426991,-0.0961118603394839,0.538031585795684,0.5912
JNJ,7m,filtered,39,0.994118812490732,0.995025497459862,0.895852330070311,0.955141980478211,-0.00349302165340636,-12.2891860452744,6,-0.417289556717916,-0.450280793053662,-0.375189585193629,0.645197220249089,0.6737,-0.897516831505475,-1.02999110856055,-0.858224340756868,0.801925147524628,0.8689
JNJ,8m,filtered,39,0.994368069556198,0.996105062352191,0.889456493081466,0.978987012052047,-0.00669862288422879,-16.8232026099223,7,-0.737502963362092,-0.676900416230984,-0.546658380238425,0.706095344031917,0.7665,-1.21056589283876,-1.13817180653067,-0.919176796574436,0.818099384227227,0.8991
JNJ,1d,unfiltered,127,0.753859112802104,0.761105094415354,0.967610638923591,0.971850697307964,-0.00836995511776266,-0.0931829592399297,4,-1.26558368846481,-1.13300907547634,-1.12853959424566,0.869381854501201,0.9098,-0.968052060614772,-1.18474362202787,-1.1800700589502,0.879902268586562,0.9527
JNJ,5d,unfiltered,127,0.897098258856408,0.899220039620455,0.901935007399028,0.902632241756756,-0.00616881817567719,-0.290391014314276,4,-1.26272502971144,-0.976236726658997,-0.972385679195262,0.833639128918599,0.8592,-0.223332350162812,-0.282771092451333,-0.281655620282888,0.610665178755833,0.6032
JNJ,10d,unfiltered,127,0.937485775236057,0.938870721994705,0.942494947987839,0.944012836720034,-0.0051778265484328,-2.5769133664817,4,-1.08355755870062,-1.49925456157899,-1.49334031934738,0.93107598223632,0.9758,-0.493103247644328,-0.878320927141561,-0.87485613680286,0.808341621101079,0.8617
JNJ,15d,unfiltered,127,0.951566461114657,0.95211287527582,0.950448536214277,0.951770506758055,-0.00226485470889063,-4.68349607736316,4,-0.451992656465474,-0.645563299560745,-0.643016688846803,0.739309131269865,0.7502,-0.539214080700744,-0.845873626269316,-0.842536833671651,0.799458007593013,0.8586
JNJ,1m,unfiltered,127,0.96611780576278,0.967028980660072,0.959927957932214,0.962107611755503,-0.00401315117795555,-11.0977155229884,4,-0.833256629334701,-1.0626063688518,-1.05841461141227,0.854054328933765,0.9079,-0.818633858591724,-0.995791160478243,-0.99186297490783,0.838417338853231,0.9017
JNJ,2m,unfiltered,127,1.00522952294225,1.00533413740508,1.02246174709252,1.02143959810769,-0.000460529364369028,5.54799416485934,4,-0.0705715609848329,-0.0827456105280182,-0.0817676512204133,0.532519386457627,0.548,0.438338056737269,0.481193167492277,0.475506009782013,0.317624836361669,0.3236
JNJ,3m,unfiltered,127,1.00400707409083,1.00157612655374,1.01139514651554,1.00726704304544,0.0106829868023888,22.0743091676492,4,0.917297503441108,0.975764019303632,0.956548352099225,0.170313491680441,0.1262,1.40668815595113,1.43388594878997,1.40564851160645,0.0811447856791903,0.0624
JNJ,4m,unfiltered,127,0.998261021753652,0.983100354440513,1.0036491615144,0.985972408057088,0.0665593770001527,93.2349793283444,4,0.932541711896051,0.961189410355263,0.934692278040258,0.175867382214836,0.0737,0.994114882737048,1.01995749037641,0.991840296941872,0.161588171385434,0.0728
JNJ,5m,unfiltered,127,0.994907066306775,0.995055329122694,0.998767487375544,0.998096671223798,-0.000652127452226385,3.55121668648577,4,-0.0714285606654943,-0.105314357383419,-0.101581900121191,0.540374989137768,0.5707,0.3223631455588,0.448904963170214,0.432995274961846,0.33287924586954,0.3004
JNJ,6m,unfiltered,127,0.998173091084318,0.999763881604355,1.00124758184361,1.00234637642323,-0.00701490919481514,-5.84343779333644,5,-1.56311139798188,-1.25090388371062,-1.19672074745858,0.883168859939375,0.929,-0.89600808876311,-0.784215960313917,-0.750247498962059,0.772747830170557,0.8072
JNJ,7m,unfiltered,127,0.997267352790118,0.995383798410623,0.999680492505323,0.997724020884432,0.00831494295220796,10.3749315171847,6,0.857966969187542,1.01602507572288,0.96401549332401,0.168442344340603,0.1036,0.896128261252147,0.960814204589167,0.911630826405288,0.181851969390023,0.1427
JNJ,8m,unfiltered,127,0.997109303191059,0.984922616778117,1.00036284819237,0.988725393601974,0.0538736857392398,61.4563408172521,7,0.880053458104033,0.925112641664601,0.870472385697927,0.192848843524367,0.0681,0.868339877224818,0.907864727661703,0.854243191355279,0.197295740638807,0.07
JPM,1d,filtered,60,0.92708291117212,0.926351251817041,0.813411253676685,0.80786091873507,0.00158155250010357,0.37166333877242,3,0.27082228472502,0.251895247015036,0.249787299939275,0.401809753171864,0.3785,1.03618735847434,1.06786250217265,1.05892625718413,0.146974748428626,0.0653
JPM,5d,filtered,60,0.885483534997874,0.884168840223737,0.524044419492348,0.510826939567782,0.00482258210967933,8.28903829324159,3,1.17122807545868,1.23639858137103,1.22605196782845,0.112525129411648,0.089,1.26347216272583,1.33726861125032,1.32607788219927,0.0949624334072166,0.0227
JPM,10d,filtered,60,0.912318904694154,0.908690516362978,0.436514134795507,0.422594031665695,0.0157149966414515,27.0190029526046,3,1.15361021663268,1.18726260624471,1.1773271796392,0.121896268334171,0.0589,1.43199301736025,1.5208995875093,1.50817217055322,0.0684234957702843,0.0138
JPM,15d,filtered,60,0.903810540735067,0.901597162637632,0.383758228089408,0.370796797807024,0.0104292410435918,50.4299278745031,3,1.30018083343318,1.30253385638209,1.29163379984598,0.100760560904649,0.048,1.56094805703192,1.66848166045534,1.65451922536061,0.0516664938981123,0.0082
JPM,1m,filtered,60,0.906529454929082,0.905119666320882,0.363149160040495,0.350629726233328,0.0070943609908929,91.0198823326693,3,1.65295922559365,1.57290411981668,1.5597415108389,0.0620846882310198,0.0345,1.70877860983635,1.82073202163695,1.80549550254326,0.0380498714400764,0.0043
JPM,2m,filtered,60,0.911619432517643,0.908880620567265,0.371322408092834,0.351382499450178,0.0137765810511418,149.096278814085,3,4.52312301654227,4.314418808022,4.20640468762186,4.47306011389648e-05,0.0002,3.47400480858969,3.11010485487025,3.03224147275575,0.00180176563255452,0.0001
JPM,3m,filtered,60,0.92750642531494,0.923610477257435,0.430321122829938,0.39891149371144,0.0196749603659452,261.317193349478,3,4.26196819292908,3.96621126810014,3.8008087592392,0.000171940156329153,0.0006,3.75335159034723,3.10247205948154,2.97308997980352,0.00213188128771735,0.0002
JPM,4m,filtered,60,0.932980971714307,0.927189938967298,0.45060066229689,0.408432894881141,0.0292369012684575,358.372786134365,3,5.60975609161299,4.61958403631846,4.34993795888701,2.73652434246152e-05,0.0005,4.63387906568054,3.22595168822555,3.03765221972911,0.00177407855687028,0.0001
JPM,5m,filtered,60,0.936164432562232,0.929137868831736,0.45494409087327,0.405019230097373,0.0353980261847426,416.531749043052,4,6.64320382056247,5.00434247563658,4.62882893545856,1.0327086089057e-05,0.0003,5.33045223208551,3.09249830057517,2.86044484090547,0.00292104057912967,0.0002
JPM,6m,filtered,60,0.939206199131286,0.930920369642237,0.472819472737421,0.414020877527596,0.0414857385418449,508.495981341523,5,7.16736455445682,5.60254878823337,5.08876764676297,1.97030900783712e-06,0.0001,5.39052626556489,3.39252035748904,3.08140963849039,0.00156432514467708,0.0001
JPM,7m,filtered,60,0.941230082074942,0.932794424454569,0.466784510718747,0.404878643875178,0.0423780994837048,512.013697489476,6,7.11927059623909,5.31014223388737,4.73467003946114,7.08983780062233e-06,0.0001,5.45151116098701,3.28604472557989,2.92992858293791,0.0024073542466807,0.0002
JPM,8m,filtered,60,0.944507864289317,0.937142005143819,0.486584841349315,0.429867362226748,0.0376368140895395,489.745945018048,7,5.23218399414224,4.28237176147863,3.74690535205286,0.000204592715219776,0.0004,5.00751854969367,3.31690931140992,2.90216402111352,0.00260164421061448,0.0002
JPM,1d,unfiltered,127,0.735432510408486,0.735806489418092,0.931788286508574,0.931184535020206,-0.00105211198696658,0.437561597422454,4,-0.305097281187409,-0.281867572595122,-0.280755664621462,0.610320854704424,0.6037,1.48143092804901,1.25387641041154,1.24893013310165,0.107003003015764,0.0567
JPM,5d,unfiltered,127,0.845669901734042,0.844337014369954,0.856160263153115,0.855299907221094,0.00564662093208291,5.78770787101084,4,1.88538725486206,1.76423866424893,1.75727911576254,0.0406495430389158,0.0337,1.48604952995483,1.69756471605971,1.69086818220087,0.0466671047924344,0.0091
JPM,10d,unfiltered,127,0.883778186141817,0.882068975831886,0.816111741138432,0.815860640370609,0.00820007698986928,4.43536661154694,4,1.23239098871392,1.23580085574287,1.23092588267411,0.110321692619717,0.0458,0.217335803642566,0.252308757528371,0.251313452830008,0.400990589796014,0.4442
JPM,15d,unfiltered,127,0.898446570919001,0.897316942919742,0.792449807507387,0.792297891064044,0.00574511065705174,4.20978531881158,4,1.4010924828162,1.37251344749909,1.36709917216341,0.0870141382629372,0.0365,0.071482908164517,0.0948098113350523,0.0944358066766447,0.462456492926166,0.499
JPM,1m,unfiltered,127,0.9148690468478,0.914357470657845,0.749780223572889,0.749731520996072,0.00274742013253869,1.70042496468858,4,0.968215228081244,0.94216155187171,0.938444923767397,0.174905622977197,0.1619,0.0135103191348426,0.019214460414309,0.0191386634308266,0.492380380896652,0.5296
JPM,2m,unfiltered,127,0.947246931178376,0.948970140754898,0.871600399561918,0.871005823634419,-0.00926838274202647,24.2869957601808,4,-0.530658695892327,-0.517905490843546,-0.511784435092092,0.695151157716358,0.7418,0.215398050139106,0.227652206080153,0.22496161509397,0.411186784345417,0.4437
JPM,3m,unfiltered,127,0.957022049894107,0.958661987266402,0.88391749384338,0.882633967136108,-0.0088239488421589,53.1982221118946,4,-0.594304641486644,-0.4846016497572,-0.475058416102114,0.682216113077347,0.7391,0.560459035150163,0.435936525693388,0.427351651651867,0.334926321097472,0.4077
JPM,4m,unfiltered,127,0.95614602016211,0.95822298821247,0.888021542006906,0.886868358004072,-0.0111822198073786,48.0416427161834,4,-0.487651429899103,-0.4174785236195,-0.405969882804439,0.657273330231048,0.7226,0.326562665114198,0.272708378581037,0.265190619944889,0.395647992920701,0.4494
JPM,5m,unfiltered,127,0.954046609825724,0.954968895038813,0.884988013895383,0.883485593703089,-0.00496771061120646,62.2378059205797,4,-0.294596444392518,-0.226603564688426,-0.218572483820802,0.586331640742216,0.6374,0.464207729142245,0.350058119788459,0.337651672995555,0.368093782940938,0.4247
JPM,6m,unfiltered,127,0.957361928553612,0.957746222362954,0.888679676549005,0.886496997571674,-0.00206877758994574,90.4918889558403,5,-0.12034719273146,-0.0926400495454879,-0.0886273284305537,0.535240599578424,0.5765,0.626608147525676,0.460368856934934,0.440427893583291,0.330190940336127,0.3839
JPM,7m,unfiltered,127,0.959420477267317,0.958726595485605,0.8904613743847,0.887040580993185,0.00373735960816148,141.757543405932,6,0.222848178507385,0.17146052399739,0.162683584860676,0.435514096008801,0.4714,0.981334305266681,0.707504085311151,0.671287467334133,0.251633113174334,0.3385
JPM,8m,unfiltered,127,0.957122378904777,0.956418730635828,0.887576399137011,0.884879595696797,0.0037906584828986,111.243123357386,7,0.264324729441049,0.191077034602997,0.17979138395912,0.428802585016058,0.4625,0.849885538411837,0.578642870442722,0.544466281419583,0.293541463949716,0.3528
MSFT,1d,filtered,43,0.833793498410017,0.83074100308415,0.944490590591572,0.944971437937013,0.00508171965738283,-0.0142064877827302,3,1.02170555938372,0.889732966898128,0.879326375370884,0.192113899808865,0.2581,-0.130482520753911,-0.153418968880494,-0.151624533245231,0.559895467368546,0.5737
MSFT,5d,filtered,43,0.938853195483296,0.936807106148754,0.703019309654211,0.705095860278952,0.00661302697498055,-0.505073308724358,3,1.75642645955667,1.30061058054458,1.28539823757057,0.102847997816658,0.1997,-0.265104936345476,-0.202721880528475,-0.200350782814012,0.578913374111323,0.5889
MSFT,10d,filtered,43,0.969742271773038,0.96792475842419,0.77399488346528,0.767435627321677,0.00706561727340122,3.61392306909236,3,1.80127654453329,1.39615751925159,1.3798276297779,0.087470781481038,0.1925,0.512118718152796,0.360606655325438,0.356388888530687,0.36166675913958,0.424
MSFT,15d,filtered,43,0.978917398351028,0.976786454045423,0.79240212362307,0.772878480707077,0.0092121428008854,18.3771686461505,3,2.7244986509478,1.92147073429441,1.89899661924271,0.0322241800186706,0.1193,1.26917608027831,0.833656998493315,0.823906288808595,0.20732356669083,0.3234
MSFT,1m,filtered,43,0.984345576504616,0.982417738364562,0.822438812246113,0.791628835467709,0.00904759854227248,50.3367443885764,3,2.72980389962965,2.08902001192499,2.06458618878349,0.0225864746039017,0.0847,1.85966748446016,1.24144764045303,1.22692728549564,0.113341694842787,0.239
MSFT,2m,filtered,43,0.989654194595821,0.986279341892644,0.940604644526292,0.88452438435586,0.0156455035355524,109.570421060234,3,3.29630460176337,2.47509952877999,2.38858546638937,0.0107421742844659,0.0407,2.3756759020241,1.71561647907338,1.6556492133602,0.0526235266389656,0.1251
MSFT,3m,filtered,43,0.990199147203549,0.986709299185147,0.934615905907652,0.869274126809584,0.0162621479531014,129.196386545056,3,3.57789123052978,2.58967240282885,2.43892416730068,0.0095190995941774,0.0147,2.90373944329431,2.12019558817171,1.99677621530341,0.0261785947101723,0.0393
MSFT,4m,filtered,43,0.993143509570676,0.989185210487446,0.961230142709666,0.889643699046433,0.0184134372452275,157.707260725326,3,4.31208443553985,2.93095766243239,2.69217563051235,0.0050756863671092,0.0046,3.6037369959673,2.66250627908293,2.44559469845244,0.00936685395607217,0.0089
MSFT,5m,filtered,43,0.993390287643001,0.989734505089462,0.937886307275617,0.87017508161371,0.0170825139224344,140.75674394879,4,3.81402990082786,2.36042464185429,2.11322522492669,0.0202823587362453,0.0084,3.57764492316255,2.23000576856922,1.99646468618905,0.0261961793028532,0.0157
MSFT,6m,filtered,43,0.996151169898312,0.992301633914755,0.976362858546468,0.92056427223613,0.018077201474367,150.278799240538,5,4.20409367683214,2.40913373110306,2.10080195613149,0.0208503558392208,0.0066,3.77986220012804,2.18059244996634,1.90151041649206,0.0320549307876483,0.0119
MSFT,7m,filtered,43,0.99696505523846,0.992970348060698,0.981101219487176,0.932365599731792,0.0189683827619001,152.388009266944,6,4.95671655411303,2.92555691642605,2.48308855695226,0.00855143782258505,0.0019,4.3554298320794,2.46262743879977,2.09017366197426,0.0213473090522011,0.0045
MSFT,8m,filtered,43,0.99677772128949,0.993017511218312,0.978340396515294,0.930136121670739,0.0177918167858965,148.361781935183,7,4.6354502821074,2.84266023315546,2.34661461426869,0.0118683919090808,0.0011,3.96172675308003,2.36489858826607,1.95222261308676,0.0287995829018378,0.0043
MSFT,1d,unfiltered,127,0.889392217390425,0.887917807720142,0.93728529754104,0.93583541522132,0.00296944192149439,0.0929168918977024,4,0.428400932008771,0.516129143561904,0.514093123224833,0.30404367262409,0.2966,0.362183814117094,0.613472675283835,0.611052655297179,0.271132753810388,0.1717
MSFT,5d,unfiltered,127,0.910150417924814,0.906978344889924,0.917055417337477,0.912797744217912,0.0120448554660176,10.5359272528947,4,2.00808095082413,1.99231827060739,1.98445899630081,0.0246887773611907,0.012,0.966177682489717,1.04634191113227,1.04221431353936,0.14965395827345,0.0725
MSFT,10d,unfiltered,127,0.934846747506977,0.932681842213815,0.932450000990304,0.92768048828771,0.00945469083878052,40.2845743395082,4,1.62949663697009,1.6325655919355,1.62612546587743,0.0532107481866491,0.0299,1.01241902349577,1.09657828654038,1.09225251706885,0.1384030835794,0.0669
MSFT,15d,unfiltered,127,0.958447805707366,0.956081682866158,0.936227154933758,0.930152259430264,0.0114530961994319,75.4612689216361,4,1.84228263243937,2.04795490114652,2.03987615209669,0.0217264789207664,0.0082,1.15769833612635,1.3261770359299,1.32094554794014,0.0944567599941195,0.0242
MSFT,1m,unfiltered,127,0.972617169217653,0.970875997115083,0.938446719324688,0.931980397861915,0.00901228011335801,109.542636582656,4,1.55691447378816,1.7617807633657,1.75483091077857,0.0408594783604926,0.0219,1.14835655358332,1.33856097572184,1.33328063570815,0.0924226206479458,0.025
MSFT,2m,unfiltered,127,0.994329390066285,0.993695688202136,0.991911448451388,0.990278513272814,0.00327336451275241,29.2240290376263,4,0.655037692438571,0.527131630162668,0.520901531904152,0.301674802407882,0.3148,0.791501854187216,0.664558772136899,0.656704440861627,0.256284305991466,0.2565
MSFT,3m,unfiltered,127,1.0017008926548,1.00160741490921,0.998401912492644,0.996357402806068,0.000482957454496478,36.7767089907936,4,0.0755906550149438,0.0601898030086932,0.0590044885260591,0.476521005746237,0.5111,1.17182214204849,0.859836806621726,0.842904087645334,0.200439659754228,0.2042
MSFT,4m,unfiltered,127,0.997867214716515,0.997312397169767,0.997518705650165,0.99444207027867,0.00286619207278166,55.3484397725939,4,0.506375586219523,0.41572412785033,0.404263850506951,0.343352041118556,0.3816,1.98182255627927,1.45329514260186,1.41323211936064,0.0800265693842916,0.0915
MSFT,5m,unfiltered,127,0.991764448059707,0.990981833463637,0.98974110260541,0.986708118520136,0.00403670246466222,54.0490350073612,4,0.757082989116392,0.611646844436591,0.589969404027164,0.278133847399287,0.3456,1.82801912893307,1.35271290847129,1.30477126742276,0.097174381486629,0.1292
MSFT,6m,unfiltered,127,0.990949153122713,0.990045480027928,0.987461633618434,0.984472610299685,0.00466052316307281,53.2511987996432,5,0.900702790044372,0.72698592466409,0.695496393036333,0.244012510175222,0.332,1.75078958443174,1.2768922507651,1.2215834235216,0.112072921474336,0.1407
MSFT,7m,unfiltered,127,0.990638315270104,0.989540460447885,0.987583602734442,0.984512051366394,0.00569117162784065,55.6757524731768,6,1.11538220675106,0.911080698388015,0.864443142104164,0.194493610864308,0.3113,1.79047977771584,1.30424267264639,1.23747944172627,0.109105144931322,0.1504
MSFT,8m,unfiltered,127,0.990309707764855,0.989090297225939,0.987443159766788,0.984200630582099,0.00632507957528539,58.8417159392153,7,1.81588004415603,1.28161135362592,1.20591508783291,0.115054912912597,0.1591,2.55391567834078,1.60165771853861,1.50705844081771,0.0671493991276395,0.0585
SP500,1d,filtered,69,0.475094774385913,0.474603415162711,1.10316622945515,1.10594509651793,0.000419842624287798,-0.0120240677405503,3,0.183914268064766,0.180989873430396,0.179673565972336,0.428971589996722,0.4501,-1.12847971007782,-1.06041796193217,-1.05270572894645,0.85189884233536,0.9147
SP500,5d,filtered,69,0.874154234537328,0.872474079614041,1.24754769197941,1.24310264639031,0.00409220992554807,0.266195244699093,3,2.57642246259058,2.38002720178929,2.3627176833244,0.010504393418583,0.0122,1.7746944800874,1.62116037323142,1.60936995949417,0.0560842857683477,0.0996
SP500,10d,filtered,69,0.926538648828622,0.925217011793441,1.11630341733025,1.10269607548286,0.00413918872428096,2.60569674300754,3,2.45736721938698,1.99972544208395,1.98518179130616,0.0255797431608704,0.0128,3.61733557455639,3.42044636428142,3.39557006057523,0.000573595618021505,0.0002
SP500,15d,filtered,69,0.939669336087376,0.937461406230784,1.11776155065521,1.09230675381194,0.00777601638842619,10.1308316247551,3,4.81435728803428,3.64304542516654,3.6165501977137,0.000284259876765058,0.0012,3.28505672806644,3.09162528838919,3.0691404424279,0.00154132761596715,0.0002
SP500,1m,filtered,69,0.951082313209602,0.948504529932077,1.02990966197615,0.992245312980667,0.0100084603597309,26.7395613226038,3,5.36705086905226,4.25538545207245,4.22443678350156,3.64648574797677e-05,0.0004,3.20764563978568,3.06914199005675,3.04682066116256,0.00164543935695372,0.0001
SP500,2m,filtered,69,0.962738002407284,0.955218706384172,0.87362290336683,0.769546679389295,0.0288520754996406,65.5500134811197,3,7.47364537197847,5.16868636835225,5.05618489987032,1.72597910386152e-06,0.0006,4.61484341275012,3.4992977226904,3.42313211611217,0.000526243698600215,0.0004
SP500,3m,filtered,69,0.962809469849215,0.952359936945444,0.837743780903631,0.702195199882824,0.0401100412027223,84.0194755759277,3,7.6201394135257,5.06468352060226,4.88104252034338,3.34579104388499e-06,0.0007,4.89908580511355,3.26813040234846,3.1496308487984,0.00121472183622218,0.0013
SP500,4m,filtered,69,0.963716195162673,0.951448707162865,0.836944857783026,0.685781819667647,0.0469009874097774,94.0589712676662,3,7.58194686890658,4.91720551014929,4.66764604055201,7.39623002266043e-06,0.0003,4.93720706539638,3.14202748395306,2.98256237501325,0.00198286496602151,0.0023
SP500,5m,filtered,69,0.961914648352004,0.948621079077718,0.835199918358687,0.680028735698349,0.0505510264784146,100.773267425037,4,7.1271692928582,4.61431605440994,4.31325279568289,2.66483639441706e-05,0.0003,5.03556984127477,2.92990121570384,2.73873840905015,0.0039336192847067,0.0052
SP500,6m,filtered,69,0.960872345317683,0.946527094789108,0.829496432504614,0.674371792147972,0.05435624185448,105.854093869887,5,6.93137607249847,4.71278387444653,4.33699273550642,2.44923462581204e-05,0.0002,4.82888825886625,2.83620908379636,2.61005353109827,0.00556273856490708,0.0044
SP500,7m,filtered,69,0.963611460508611,0.949810162092014,0.826758486571278,0.677458076208313,0.0526180046028017,100.982053899574,6,6.22494112598609,4.06013303822823,3.67753905062695,0.000233158624510121,0.0001,4.68721770619523,2.64186295423141,2.39291522940598,0.0097411984787027,0.0051
SP500,8m,filtered,69,0.970201337370745,0.957934319957508,0.856611137152143,0.724754854313934,0.0473699561730289,95.7811121092316,7,4.70393900531323,3.22620058921773,2.87543157696028,0.0026912939223851,0.0004,4.30420888452783,2.45564417247764,2.18865399098846,0.0160299157938028,0.0042
SP500,1d,unfiltered,127,0.534779248140301,0.535141139250056,0.928365609335225,0.929066289718094,-0.000544664538035104,-0.0450454019431911,4,-0.266951596514847,-0.288347726896926,-0.287210256084759,0.612788433201005,0.6475,-1.59775397485347,-1.28374938003096,-1.27868526017249,0.898320957233457,0.9661
SP500,5d,unfiltered,127,0.79304424609785,0.790429485509785,0.899283163186197,0.899873526850788,0.00835336318805997,-0.744280815735285,4,1.19462432698646,1.24831190920243,1.24338758267322,0.108016795317863,0.0366,-1.26735158860151,-1.08060383893045,-1.07634108527698,0.858084341873703,0.9358
SP500,10d,unfiltered,127,0.833629718222704,0.832246174910834,0.887919826756503,0.888521942643967,0.00523377179267657,-2.49018868437181,4,1.43553933622034,1.52512563433199,1.51910933618874,0.0656201380420319,0.0144,-0.852285556000835,-0.719417659202651,-0.716579708656251,0.762520206356849,0.8321
SP500,15d,unfiltered,127,0.873828056629128,0.872373822604427,0.884100269158686,0.88470247405588,0.00599050251491375,-3.96220711077518,4,1.95742792366192,2.03426615105245,2.02624140122729,0.0224256175620053,0.0047,-0.481675162009101,-0.422551299949263,-0.420884424418431,0.662721749098307,0.7296
SP500,1m,unfiltered,127,0.903911247026503,0.902840913720917,0.87292236109918,0.873537498717417,0.00478203754855631,-5.45190186616526,4,1.8615139358837,1.68671336502298,1.6800596374495,0.0477117282955138,0.0403,-0.296527254937353,-0.277481558714258,-0.276386952637946,0.608648139870859,0.6756
SP500,2m,unfiltered,127,0.981238048689804,0.981840018335891,0.990517895718672,0.988064280147948,-0.00269708656499524,24.7218597982947,4,-0.274972359360915,-0.242475944498107,-0.239610153729521,0.594489079489313,0.6163,2.01453387084578,1.58771042092437,1.56894548373899,0.0595842978644603,0.0483
SP500,3m,unfiltered,127,1.00923079189992,1.01027034181732,0.995286490423975,0.992291299098294,-0.00465970513000749,30.2941126057693,4,-0.375726292067822,-0.29434229263891,-0.288545826046948,0.613298447463822,0.6403,2.3083842281618,1.41283892363546,1.38501596436157,0.0842474637998484,0.0701
SP500,4m,unfiltered,127,1.00358498733831,1.00563841320814,0.996829656176289,0.993460652120632,-0.00921244399236445,34.1535410926548,4,-0.554091403365912,-0.430189960783784,-0.418330903465142,0.661791331477826,0.6918,2.17857136879646,1.31240899822245,1.27622978681764,0.102110862411272,0.0974
SP500,5m,unfiltered,127,0.994163543352424,0.997406600702752,0.995279738290787,0.992199691139047,-0.0145443212104109,31.1573939083006,4,-0.729334852459495,-0.577115994022272,-0.556662365129166,0.710627251786672,0.7477,1.76244838491224,1.06178240563124,1.02415166325889,0.153862942314849,0.1525
SP500,6m,unfiltered,127,0.988308168449276,0.992208542576035,0.993877960528019,0.991052417083736,-0.01747815791785,28.5322138918785,5,-0.777336050760114,-0.610831286963593,-0.584373015245401,0.719992888954069,0.7723,1.35520845534276,0.834342332440209,0.798202637881622,0.213127381078967,0.2058
SP500,7m,unfiltered,127,0.98185677603109,0.986444418122854,0.991497701208718,0.989265801721898,-0.0205636719099141,22.4873573724488,6,-0.849117321176666,-0.664263528008603,-0.630260362614338,0.735167184785,0.7903,0.976598647316399,0.603985019547799,0.573067467026269,0.283810162539321,0.2787
SP500,8m,unfiltered,127,0.982122941178859,0.98624161785336,0.991593750324333,0.98919834165628,-0.0184784030711707,24.1440744233983,7,-0.765782761841401,-0.587788577953289,-0.553071812764711,0.709402899668881,0.7635,1.04832802393649,0.634492571142361,0.597017311444482,0.275783555568596,0.2607
XLB,1d,filtered,75,0.927418367021185,0.930744370093437,0.95179082925656,0.953540005874419,-0.00527533920041814,-0.0330499332753813,3,-0.775800212030596,-0.777340428355803,-0.772140768471418,0.778754965016961,0.8174,-1.15903231645405,-1.1216667094319,-1.11416383787147,0.865592691503789,0.9062
XLB,5d,filtered,75,0.908337168855709,0.908546803060756,0.859544683334418,0.855097460783069,-0.000607992820247768,0.512837525884715,3,-0.253264540012208,-0.349885602832731,-0.347545204640627,0.635415825097476,0.6697,0.893893798646774,1.08694231814372,1.07967171936598,0.141897432563062,0.0629
XLB,10d,filtered,75,0.930892332791018,0.930525015946534,0.742119736557881,0.728112902279295,0.00130267783477247,3.978377648582,3,0.652259463683004,0.740398583846548,0.735446029374339,0.232196263538077,0.2192,1.42248968719971,1.59008251777738,1.57944639494245,0.0592495284607956,0.0102
XLB,15d,filtered,75,0.938496333111803,0.937575131195453,0.68195055795543,0.658284116275211,0.00362387669998958,12.4394578439343,3,2.19966687986144,2.25883412833765,2.24372470037771,0.0139209480613118,0.0127,1.86983013676591,2.06378393347025,2.04997920373092,0.0219549201711601,0.0008
XLB,1m,filtered,75,0.948164338316209,0.947128972325234,0.62551432143105,0.59799088414305,0.00444596648142481,24.6392780346305,3,2.21843452052434,2.24237736700315,2.22737801894978,0.0144814021992659,0.0257,2.08644685530963,2.352338076678,2.33660319722797,0.0110847415959503,0.0005
XLB,2m,filtered,75,0.960029922742939,0.957149207842284,0.601180174573769,0.560136678128249,0.0123376676213185,36.6961710968239,3,3.80996408392789,3.28236866880203,3.21664686443632,0.000962334784014418,0.0025,3.89483697999493,3.22165635769096,3.1571501762598,0.00115281302786663,0.0007
XLB,3m,filtered,75,0.966054097250354,0.961857486347227,0.623244950471152,0.570114035084006,0.0180617061141438,48.0231808683231,3,4.99438371103177,3.88032071124219,3.75088748369845,0.000173795016008227,0.0008,4.22621638850169,3.05424948361323,2.95237095402609,0.00211165265265212,0.0019
XLB,4m,filtered,75,0.972398283526986,0.96796807892418,0.694560034758019,0.641407712820558,0.0191521283014914,55.5075605655694,3,4.35985537296073,3.12865505198423,2.98257821964449,0.00193441656009175,0.0054,4.42437626831587,2.8132131549682,2.68186429753708,0.00451187734315805,0.0056
XLB,5m,filtered,75,0.975479084013326,0.971069985737914,0.734636342211598,0.675996298965823,0.0189860430545003,64.6124923946989,4,3.6504819148723,2.46678365938327,2.31871832268837,0.0115872925664481,0.0178,4.33998307112518,2.52275149459281,2.37132676465203,0.010163971292082,0.0078
XLB,6m,filtered,75,0.971943663885539,0.967044608469266,0.721084623628194,0.654247132884332,0.0209672819889937,74.1158068984175,5,4.18406290839962,2.58606165527407,2.39635511721781,0.00954315729582189,0.0081,4.62059522269399,2.50175351116005,2.31823159214301,0.0116012470544798,0.006
XLB,7m,filtered,75,0.972213546455896,0.966592751425508,0.727587981243361,0.657735884029865,0.0242153546377959,79.2561108755928,6,5.30997254500651,2.878098528243,2.62859329480099,0.005210282621118,0.0031,4.8959404532542,2.47959599365973,2.26463734260284,0.0132318249433506,0.0046
XLB,8m,filtered,75,0.975578958401703,0.969639772309407,0.7536554876788,0.681445563207178,0.0257119488841558,84.3659115938117,7,5.37987789542879,2.88317602159046,2.59478722892346,0.00570299015440345,0.0022,4.87968041487663,2.43599690455444,2.19233706520218,0.0157499667115382,0.0039
XLB,1d,unfiltered,127,0.718325929663783,0.71906375594638,0.946407864570124,0.946300042984139,-0.00151515399015645,0.0165227430713397,4,-0.29909037011009,-0.325010803396381,-0.323728704499744,0.626659922800093,0.6396,0.460245382802733,0.369870048710151,0.368410989576132,0.356592523258751,0.3395
XLB,5d,unfiltered,127,0.874537588690557,0.873954481409107,0.905474469038303,0.905012173788798,0.00199106314794225,0.613219719265578,4,0.783990503388978,0.906601229090444,0.903024878940357,0.184117912670874,0.1315,1.20898852906174,1.15332139640246,1.14877178736072,0.126413107644409,0.1005
XLB,10d,unfiltered,127,0.89138247246873,0.890969262687942,0.888123895763116,0.887508266991553,0.00164702844799649,2.53585872473047,4,0.854700915312828,0.925744891047127,0.922093023198503,0.1791211590421,0.1568,1.28335653505108,1.31241677671521,1.30723957003848,0.0967559403837726,0.0721
XLB,15d,unfiltered,127,0.913144122791069,0.912216695315123,0.893209844341656,0.892124396903229,0.00404043725804834,8.27224749005942,4,2.06678709696517,2.24908480752924,2.24021264352717,0.0134146714661294,0.0037,1.48962901209936,1.88545618444451,1.87801845847211,0.0313450184590376,0.0047
XLB,1m,unfiltered,127,0.934601384772405,0.933220341242029,0.882541671413651,0.88071652599938,0.006474937548357,18.5821807191575,4,2.16029473543765,2.15771393672346,2.14920221148657,0.0167650458125634,0.0011,1.47120540352586,1.75845025792118,1.75151354347381,0.0411453643304673,0.0076
XLB,2m,unfiltered,127,0.993397375424502,0.992375022555852,0.97434624401729,0.972470248521841,0.00479929713517542,21.1792751381579,4,0.548060398533768,0.485803240249263,0.480061596705459,0.316007968896959,0.3549,1.65544249931132,1.75805907888114,1.73728081368327,0.042390603287099,0.0332
XLB,3m,unfiltered,127,1.0141443782554,1.01401155597344,0.982770414468233,0.981155771844763,0.000623409473838376,18.3633566123861,4,0.0595286924511184,0.0489337315781104,0.047970082291528,0.480908019300369,0.524,1.63838010994931,1.11934829486573,1.09730503041403,0.137300350478804,0.1781
XLB,4m,unfiltered,127,1.01244104705544,1.01319263960813,0.985562734757487,0.983563895181233,-0.0035287429616068,22.8089100911629,4,-0.347175130560115,-0.271078559756244,-0.263605730376062,0.603742819373634,0.6317,1.96982660723593,1.2334911703124,1.19948748862694,0.116294584715506,0.1429
XLB,5m,unfiltered,127,1.00263538558246,1.00432416019972,0.983478809871931,0.981783017266941,-0.00792935108314395,19.2743517209984,4,-0.658490608090876,-0.524192659548882,-0.505614692142058,0.692994730918411,0.7203,1.17326860145658,0.796608687128337,0.768375994518334,0.221850790116241,0.2626
XLB,6m,unfiltered,127,0.9979226886094,1.00032129712083,0.982552189300871,0.981073467813506,-0.0112586888426498,16.7514533743468,5,-0.833337707291837,-0.653784451682314,-0.62546565558114,0.733601647276305,0.7708,0.797700280541151,0.54871641634023,0.524948661888865,0.300270664220096,0.3318
XLB,7m,unfiltered,127,0.996892622053876,0.998396236190647,0.982496457804451,0.980471479753248,-0.00706203268668895,22.8911147128573,6,-0.624056258823217,-0.444030909027516,-0.421301290731156,0.662873545856422,0.6898,1.21170826469252,0.740005452474406,0.702125113223235,0.241948072661954,0.2621
XLB,8m,unfiltered,127,0.998353387290378,0.998311990669593,0.984000723891678,0.980984052977597,0.000194360022418246,34.1254647102033,7,0.0199801554322785,0.0130157208146714,0.0122469686812829,0.495123973646977,0.5134,2.03511359001785,1.11255448040906,1.04684328066041,0.148587942181926,0.1451
XLE,1d,filtered,83,0.859588353166224,0.855759660742948,0.970034435376571,0.967677206472341,0.00762704898964617,0.0940001244783328,3,0.92057787578418,0.917844929275868,0.912298987691005,0.182142867626921,0.1331,1.03312802561378,1.04359620414791,1.03729042917245,0.151324856749449,0.0924
XLE,5d,filtered,83,0.94271966487185,0.942316139624177,1.21267802135556,1.21271599430465,0.00138550331002777,-0.0126629983987237,3,0.39481175640069,0.41988312188467,0.417346040519216,0.338758002210713,0.3479,-0.012569674086707,-0.0149382653386407,-0.014848003090297,0.505905245092161,0.5228
XLE,10d,filtered,83,0.949224920612769,0.948558227536306,1.19474184304507,1.18885583006199,0.00275198495429114,6.3958554186104,3,0.991307473191907,1.06088540813378,1.05447516571256,0.147381270797092,0.1193,1.85390539269881,1.7562501258145,1.74563824542435,0.0423097373449083,0.0245
XLE,15d,filtered,83,0.953155010361805,0.952415876939194,1.17740083798706,1.16549914974427,0.00334202926414119,29.5033119011318,3,1.13965532407247,1.08639183960594,1.07982747836304,0.141692451916473,0.1347,1.7014059731814,1.57699037875153,1.56746164874335,0.060428970788811,0.0152
XLE,1m,filtered,83,0.964183689227766,0.96378269023383,1.18333076921005,1.16283094971225,0.00195523248806758,91.4825063381313,3,0.428991157046421,0.448898005693772,0.446185606204783,0.328319592251942,0.3594,1.61431723441612,1.56809122281704,1.55861626463609,0.0614692947758382,0.0123
XLE,2m,filtered,83,0.971677533557224,0.970862600422673,0.992982001830998,0.938204088806322,0.00395543295408085,209.502050524195,3,0.490099988729799,0.399701430568191,0.39247052465705,0.347864452057597,0.3926,1.65148668939695,1.60967632725338,1.58055604601442,0.0589147247507082,0.0099
XLE,3m,filtered,83,0.97894035934294,0.97753540217762,0.936615566211584,0.858551093773144,0.0068103194671674,274.140219403985,3,0.606750179834761,0.5055852558815,0.490347325549588,0.312598834338534,0.3843,2.62413259197211,2.39229207471651,2.320190328188,0.0114082424424193,0.0043
XLE,4m,filtered,83,0.981677030197787,0.978753030783166,0.924751167006398,0.834479068681178,0.0141224847613899,315.297236605264,3,1.42514404829986,1.06801148032672,1.02295461934981,0.154668873406043,0.2778,3.86305488650655,3.03217498519626,2.90425474343644,0.00236470025372049,0.0083
XLE,5m,filtered,83,0.980173784518861,0.976385534322594,0.894186408008854,0.801702643636448,0.0182777178110284,312.460236859853,4,1.99250398939004,1.24316787150713,1.17574335333202,0.121549914873502,0.251,4.57685243096152,2.86421359494557,2.70886995550958,0.00410842339044204,0.0159
XLE,6m,filtered,83,0.983383123761014,0.979157261587475,0.903875928033608,0.803452980975136,0.0203488935309919,344.259564537158,5,1.75381587639514,1.1445826489342,1.06871456833907,0.144167171286959,0.273,5.1553794749547,2.91224085437406,2.71920444581255,0.00399267634672995,0.0136
XLE,7m,filtered,83,0.983891781637999,0.978831822174493,0.91483011922437,0.807838483001554,0.0244285429262228,360.577388354663,6,2.40700477187633,1.45397169084708,1.34007781389991,0.0919608131792505,0.2052,5.18213862985181,2.78019159160061,2.5624110109905,0.00611172750706412,0.0154
XLE,8m,filtered,83,0.985223759732067,0.980315944502689,0.930489201540334,0.83699651720101,0.0239452042516022,356.191388316703,7,2.22944455487756,1.35078127365278,1.22869578004128,0.111350255306545,0.1695,4.7173210125637,2.62761016917351,2.39012310092696,0.00956770117239947,0.0132
XLE,1d,unfiltered,127,0.489669315715722,0.487725918006146,0.979534699546605,0.979269267448734,0.00772357738208827,1.05546262875549,4,1.33605513105969,1.29338477188496,1.28828264244301,0.100004152016134,0.0527,1.41529389283935,1.14004547715932,1.13554823881183,0.129150532211298,0.0683
XLE,5d,unfiltered,127,0.816177443533772,0.815188735044954,0.950569536153389,0.949300139599331,0.00433699949329483,13.7750824413282,4,1.27523771953242,1.28207236218534,1.27701485780767,0.101972653209463,0.0706,1.66345318672567,1.20052846906961,1.19579263810802,0.117011525861943,0.0635
XLE,10d,unfiltered,127,0.855944618298219,0.855173986971126,0.92247856022154,0.921172085173844,0.00378637598023238,35.4973446873869,4,1.52809144065672,1.63066383459271,1.62423121056524,0.0534127616775431,0.0289,1.83394566055783,1.35713738199963,1.35178376199111,0.0894330926766258,0.0336
XLE,15d,unfiltered,127,0.884206046571023,0.883474907709385,0.925866736717003,0.92396211109503,0.00382765865685486,85.6766768611983,4,1.55017743751657,1.56096958062582,1.55481188569356,0.0612495573900174,0.0414,1.62175597142631,1.47452397289708,1.46870728760859,0.072202194838056,0.0184
XLE,1m,unfiltered,127,0.915086540463709,0.914792772977466,0.911947282419087,0.909228548271923,0.00161525853873823,146.357143898917,4,0.490959276241096,0.536363307001889,0.534247467168512,0.297055855873116,0.3113,1.44435401714087,1.64199896180113,1.6355216230936,0.0522177361344551,0.0064
XLE,2m,unfiltered,127,0.969305894346501,0.97138947620834,0.984099824985543,0.982049148702612,-0.0115027795889934,119.790445319508,4,-0.980213846280674,-0.89500914928723,-0.884431155816017,0.810925959565312,0.8782,1.16595896649421,1.30207677900817,1.2866877076469,0.100281071281847,0.0431
XLE,3m,unfiltered,127,1.00724281121181,1.01121481767986,0.993152676991144,0.991827317340783,-0.0219890235467288,78.3161863198634,4,-1.15585575891187,-0.9836572443233,-0.964286136272391,0.83162522235864,0.8908,0.871678995032681,0.67068332947322,0.657475599526487,0.256037217520761,0.295
XLE,4m,unfiltered,127,0.990288277568013,0.994035774792203,0.993441488695889,0.991039431005148,-0.0207976427409794,142.306167461164,4,-0.989329690747501,-0.793360316337612,-0.771489732819944,0.779069424029289,0.8358,1.62174618369347,1.20873234630294,1.17541119173302,0.121023277828206,0.156
XLE,5m,unfiltered,127,0.98495795896786,0.98795029108736,0.99164299616157,0.989091799989604,-0.0166275467175397,151.003296512404,4,-0.919984295200087,-0.683699498832208,-0.659468432688897,0.744600727245621,0.7844,1.84259639148171,1.27706023381722,1.23179980720075,0.110158898148169,0.1409
XLE,6m,unfiltered,127,0.989556086552288,0.992758565701239,0.993880700217521,0.991412610399869,-0.0178131429220364,146.406531647401,5,-0.953394390225584,-0.698136603310066,-0.667896685445652,0.747289452327968,0.7886,1.91343775659087,1.18466960388238,1.13335541787922,0.129608461150143,0.156
XLE,7m,unfiltered,127,0.993335703497576,0.996528780228925,0.996024061869892,0.993678490283724,-0.0177909950179702,139.50908634007,6,-0.91184452799471,-0.665246327242419,-0.631192853072362,0.735471105063863,0.7756,1.83255420340269,1.06065490140078,1.00636075078455,0.158085394927966,0.1718
XLE,8m,unfiltered,127,0.993711850627245,0.996931120461875,0.996043712778108,0.99386114165772,-0.0179578727035597,130.05136167299,7,-0.880758296415522,-0.636186265510434,-0.59861097054157,0.724746515534055,0.7587,1.65201564995305,0.928017480013088,0.873205654549085,0.192106053249248,0.1992
XLF,1d,filtered,73,0.829720477098762,0.835934931504302,0.903107645342914,0.903044081150433,-0.010805925477998,0.00231304867559389,3,-1.33362298875851,-1.52548688224515,-1.51500231207811,0.93292509073492,0.9811,0.0588927689486343,0.0661469838020451,0.0656923599694296,0.473902409897285,0.4715
XLF,5d,filtered,73,0.878106508122855,0.878326481944966,0.639841307840596,0.635340267167781,-0.000687658028544038,1.26854022362971,3,-0.239152114027728,-0.289272424828373,-0.287284274637897,0.612640065509977,0.6401,1.70604005994695,1.90024882970499,1.88718854552833,0.0315830820717423,0.0057
XLF,10d,filtered,73,0.914489918437587,0.91381201953639,0.54539201945378,0.537849870796369,0.00260426111396678,6.56937659007726,3,1.1891813646011,1.26150775601599,1.25283749687567,0.107159290199709,0.1183,2.16391465899329,2.23705707971097,2.2216819347701,0.0147243841471963,0.0015
XLF,15d,filtered,73,0.928397236525154,0.928035539549609,0.516108217657202,0.505971594507063,0.00152865839951721,17.59838728864,3,0.491202866426437,0.55629756764927,0.552474171362052,0.291167311401577,0.2974,2.35320194388331,2.48819672442113,2.47109551335846,0.00791860332311034,0.0002
XLF,1m,filtered,73,0.935867038100613,0.935381384861631,0.490843826229905,0.477614395788834,0.00221858443632396,42.1207609039509,3,0.584614216320286,0.650178696575859,0.645710061515992,0.260259884883671,0.2934,2.66309247474445,2.81516248875047,2.79581406367487,0.00331645914418355,0.0001
XLF,2m,filtered,73,0.9277754175572,0.924444611103319,0.421484896142658,0.390868229957698,0.0152077901457965,84.8573476450161,3,2.90527291030749,2.50503127152985,2.45349803336359,0.0082844356461973,0.0142,3.47500184718305,2.92623641512936,2.86603818933255,0.00272289464556352,0.0002
XLF,3m,filtered,73,0.940457237800418,0.936196281367658,0.451774442089406,0.407415999874296,0.0195066737634782,126.357807212564,3,2.30329348177243,2.03950623324201,1.96961059249705,0.0263653788231355,0.0544,3.9681849761341,2.86534960358236,2.76715159700782,0.00359119885163317,0.0003
XLF,4m,filtered,73,0.942980588196604,0.93774569697614,0.465060069731902,0.414568030456169,0.0240207096839878,144.809182915363,3,2.39956216217851,1.96427200173408,1.87004618097935,0.0327713870111213,0.0684,3.88006988786624,2.59849924965566,2.47384964699716,0.00786267931072082,0.0023
XLF,5m,filtered,73,0.946574320825384,0.941564949617013,0.465223768531814,0.412263943241766,0.0229086043305252,144.637812795424,4,2.14767863898783,1.49648543147452,1.40419892064107,0.0822793360035661,0.1498,4.00029753490319,2.25415152980224,2.11514063454057,0.0189395363499145,0.0085
XLF,6m,filtered,73,0.949812118034186,0.944344041626524,0.47928440024471,0.420586230209983,0.0249849371022449,166.646007926002,5,2.07867490014591,1.42531499032815,1.31789208683203,0.0958588045681348,0.1647,4.15001886856304,2.38266832433543,2.20309177374473,0.015394475675178,0.0057
XLF,7m,filtered,73,0.948343213808301,0.943156953803587,0.468129020959452,0.411472609736626,0.0237768079041361,156.139144764562,6,1.89177205313648,1.20703440156579,1.099527654937,0.137600434225291,0.2063,3.88640708460143,2.14398035749884,1.95302279011574,0.0273519721504661,0.011
XLF,8m,filtered,73,0.950285841075323,0.945400535975385,0.470627553875351,0.413586610919724,0.0224878598680304,156.570762410828,7,1.70806910162778,1.04569599573933,0.938234138202856,0.175630436597689,0.2389,3.88450991827283,2.13265421980224,1.91349015598566,0.0298306578402563,0.0119
XLF,1d,unfiltered,127,0.69035871680821,0.694449930145042,0.917342640175987,0.9180775392179,-0.00933928346367778,-0.197767327821075,4,-1.80129938376273,-2.08226172125944,-2.07404763905836,0.979944324100486,0.9988,-0.414719349298821,-0.712693305240787,-0.709881880848917,0.76045545848493,0.8798
XLF,5d,unfiltered,127,0.796109376085458,0.797015314567812,0.860361416367048,0.862782045920063,-0.00344757884879795,-8.54676210550408,4,-1.31242384359833,-1.4992671283202,-1.49335283651545,0.931077618011929,0.9607,-0.752675632207005,-0.919790602110887,-0.916162222673096,0.819334021391266,0.9244
XLF,10d,unfiltered,127,0.839453391727284,0.839644859947555,0.830655614092721,0.834601101917234,-0.000835991619973517,-39.2672987349649,4,-0.351155875073438,-0.386332202649426,-0.384808203798999,0.64948586240231,0.6864,-0.76976070093983,-0.90171891378787,-0.898161823339298,0.81459381582846,0.9241
XLF,15d,unfiltered,127,0.868633531643669,0.869017647457262,0.813528657344893,0.818409826493275,-0.00180000196525873,-79.5776801654725,4,-0.621238693183403,-0.62409662668474,-0.621634697456216,0.732347390343061,0.7694,-0.675140593677769,-0.84282137892542,-0.839496626798136,0.798609657391998,0.9185
XLF,1m,unfiltered,127,0.89563751372869,0.896069242886035,0.775380649963029,0.781412772961762,-0.00215237716518953,-124.920238364037,4,-0.61099012923851,-0.55623768560262,-0.554043445548054,0.709734461313503,0.7484,-0.594373583824249,-0.771114855162099,-0.768072970108888,0.77805953786837,0.8794
XLF,2m,unfiltered,127,0.945421178857829,0.950284546498283,0.900700737804541,0.900790953698451,-0.0243057588868982,-2.17086391004202,4,-0.814721688926914,-0.777777631808404,-0.768585181968224,0.77821110112695,0.8691,-0.0363286923470906,-0.0341998529693844,-0.0337956494797165,0.513453207965345,0.5484
XLF,3m,unfiltered,127,0.958588204244243,0.963718686525144,0.908082124072746,0.908614997367112,-0.0256635596586489,-12.9256079408345,4,-0.858823376416285,-0.714223562209509,-0.70015839685246,0.757440418579635,0.8211,-0.220912808375813,-0.14564954864623,-0.142781280089602,0.556654501666721,0.5918
XLF,4m,unfiltered,127,0.953771585418028,0.959227317034023,0.911375767514508,0.910944349676434,-0.0273180064521247,10.5066074675896,4,-0.833147347267749,-0.66839024910244,-0.649964718527794,0.741550864312566,0.798,0.148959441566899,0.114838710225894,0.111672948652829,0.455630215641176,0.4975
XLF,5m,unfiltered,127,0.948677775114807,0.9543793377691,0.909261138413951,0.909420653682728,-0.0285207968967232,-3.86812765210203,4,-0.841980975058457,-0.67422095010294,-0.650325814206169,0.741667092461366,0.8013,-0.0475205246479566,-0.0371544794805262,-0.0358376836493889,0.514265750294474,0.5572
XLF,6m,unfiltered,127,0.949509376983256,0.955748022456601,0.909349835609232,0.910116929222218,-0.0311590900840686,-18.5637854899374,5,-0.821030947856803,-0.663037515932708,-0.634317921618692,0.736488326419661,0.8005,-0.17367586745861,-0.138643555942795,-0.132638184323169,0.552654439676821,0.5959
XLF,7m,unfiltered,127,0.947081774253982,0.953901905818392,0.907812189137687,0.909370354424318,-0.0340323833543486,-37.6116267317436,6,-0.846786014367482,-0.67741562531159,-0.642739213651319,0.739219396018978,0.8016,-0.320591737543063,-0.250130278263997,-0.237326291798833,0.593605441443471,0.6469
XLF,8m,unfiltered,127,0.945540741922862,0.953040462039564,0.906632757050875,0.909020325412061,-0.0374223584702567,-57.4811794241785,7,-0.860847913381028,-0.693305161828234,-0.652356233233823,0.74232012554583,0.8063,-0.432597006177171,-0.343054068697699,-0.322792144603436,0.626306151977996,0.6857
XLI,1d,filtered,83,0.856484277932842,0.856250310436252,1.0619342824867,1.06080072708474,0.000261443988260472,0.00776937847602823,3,0.0643710805649292,0.0647675464303042,0.0643761981560584,0.474413680868491,0.4902,0.408375027111428,0.413697002145935,0.411197299489687,0.341000280835542,0.3334
XLI,5d,filtered,83,0.94930446693394,0.950673787129011,1.07287458089469,1.07310437019614,-0.00379113138336962,-0.0188118242274196,3,-1.10448441182548,-1.20498140410135,-1.1977004830385,0.882757866296708,0.8632,-0.0637222930066399,-0.0725393025238176,-0.0721009945683319,0.528651446566729,0.5155
XLI,10d,filtered,83,0.954833731979409,0.955251753703178,0.954900249046208,0.950182126274072,-0.00144181285501173,1.03801437892333,3,-0.642163448598454,-0.595157596406952,-0.591561445076613,0.722114161576039,0.6915,1.01336417168085,0.878153222965331,0.872847112617293,0.192647616419874,0.2321
XLI,15d,filtered,83,0.96059224840364,0.960426066138031,0.936818128648428,0.925303309330775,0.000638704500149925,4.89022547802725,3,0.279057919694657,0.284248328308597,0.282530800026735,0.389124232045108,0.4012,1.66046854712586,1.57099954139936,1.56150701013559,0.0611277523187528,0.0456
XLI,1m,filtered,83,0.967849508117803,0.967598905602288,0.899632222612268,0.885437397671021,0.0010523007908095,10.8837249568918,3,0.367861526287108,0.372323900709582,0.370074188870336,0.356140674374717,0.3866,1.61642701035543,1.67224984503115,1.66214552385442,0.0501509992440374,0.0304
XLI,2m,filtered,83,0.968996372243625,0.967449422965039,0.764589362104481,0.734465029230237,0.00645414214180422,21.0127075500048,3,1.44495201569192,1.20099019685452,1.17926336164827,0.120851797914146,0.1803,2.36028227950172,2.56186460909904,2.51551851041447,0.0069188573164336,0.0084
XLI,3m,filtered,83,0.972529828750939,0.97017724096549,0.727872799703468,0.692253632019294,0.00983942730434716,23.3123488608242,3,1.67531562362502,1.29151700132523,1.25259172441152,0.106957433053774,0.176,3.34150612549377,2.63888208027948,2.55934831060235,0.00616172995550768,0.0059
XLI,4m,filtered,83,0.97278167966639,0.969432704927984,0.720736032593313,0.681956557030966,0.0140038737753766,25.1990263901869,3,2.35761089014616,1.73340548098357,1.66027723169789,0.0503391307680795,0.093,3.31117166641103,2.26681503215077,2.17118350417061,0.0164038743214298,0.0142
XLI,5m,filtered,83,0.973474497161967,0.969490865137293,0.721270881787221,0.675973051997961,0.0166195720773488,28.7845138649468,4,2.6160713015533,1.75226057365217,1.65722487686207,0.0506477258090315,0.0911,3.61438446665359,2.12481773995715,2.00957601306723,0.0238825077780699,0.0235
XLI,6m,filtered,83,0.975876026328151,0.971690765527102,0.745487437634502,0.693498784677717,0.0173801269406769,35.0971676348876,5,2.13105895431133,1.42589749117963,1.33138259888947,0.0933763441824333,0.1482,3.78568968844105,2.1567949485123,2.01383288881896,0.0236531944177037,0.0289
XLI,7m,filtered,83,0.97708605162355,0.973574819649761,0.754275765047277,0.708915213292771,0.0146257432707391,30.3243764814074,6,1.84426530264149,1.13152441983596,1.04288878556138,0.15003235920123,0.1836,3.26346610214481,1.74501038222038,1.60831858897895,0.0558045638320758,0.048
XLI,8m,filtered,83,0.979311720429702,0.975858882530975,0.765196413428432,0.718477296788103,0.014406502338134,30.6180062325028,7,1.66609641700442,1.0519577694207,0.956880360484703,0.17072016158411,0.1952,3.13976974368275,1.69418686399701,1.54106389464916,0.0635758115196723,0.0466
XLI,1d,unfiltered,127,0.671344316364112,0.671718378011676,0.96089933957394,0.959569517031731,-0.000672349477719227,0.195233339786203,4,-0.199976678198724,-0.203712746802368,-0.202909143090809,0.580233326452526,0.5794,0.956618587087927,1.00431561292219,1.00035380018937,0.159528291937821,0.0739
XLI,5d,unfiltered,127,0.845723696109362,0.846953496735026,0.931196627495929,0.929763868539104,-0.00404067555749249,2.46719769219979,4,-1.22079605263517,-1.28028956582343,-1.27523909420045,0.897714532605885,0.935,0.652588352928818,0.885199746442985,0.88170782061665,0.189806860849105,0.0754
XLI,10d,unfiltered,127,0.873144231869388,0.873633085392739,0.909363091898297,0.908110572226762,-0.00190149811011179,6.32871019978806,4,-0.888829680191082,-0.876272595731054,-0.872815885626652,0.807788131979997,0.8274,0.456527715121994,0.799886787428785,0.796731403186538,0.213552870568593,0.1094
XLI,15d,unfiltered,127,0.894039125984303,0.894310519373167,0.915584236843885,0.914180673584436,-0.0011590883798472,14.2171489816784,4,-0.523152070269003,-0.516815907306709,-0.514777177831879,0.696194711425916,0.7102,0.394616305506032,0.75174831012111,0.748782821993075,0.227691820659143,0.1049
XLI,1m,unfiltered,127,0.92174702222357,0.922320570765146,0.908252252633706,0.906081688900355,-0.0026342907548455,27.0927009816084,4,-0.959070530049197,-0.897078541054033,-0.8935397558947,0.813364149433137,0.8433,0.385887313106722,0.731468429344067,0.728582941057565,0.233804399383947,0.1057
XLI,2m,unfiltered,127,0.976463866795014,0.98246438659382,0.981785345964403,0.981699265774363,-0.0276129374822302,1.1666799782273,4,-1.10952842582686,-1.04129187020185,-1.02898498081039,0.847271017843306,0.9262,0.0319811663606454,0.0463807121423482,0.0458325447067162,0.481758140024129,0.5244
XLI,3m,unfiltered,127,0.997550421490741,1.00592046899742,0.986397081827215,0.987808233604618,-0.0385764034199193,-19.2428091424008,4,-1.17174564205138,-1.0361586754589,-1.0157536596101,0.844153396689116,0.9244,-0.79965172779671,-0.629515344573253,-0.617118333490573,0.730864872571268,0.7953
XLI,4m,unfiltered,127,0.989552677284568,0.999139657870353,0.98948637758572,0.991269309868582,-0.044219364099107,-24.435903218961,4,-1.18914440194343,-0.997429329136169,-0.969933170081296,0.833030994215291,0.9156,-0.658408589537392,-0.580283918503643,-0.564287217329857,0.713219104910975,0.7838
XLI,5m,unfiltered,127,0.986988300061472,0.997213406801017,0.988656023273307,0.99111846623016,-0.0471478813923371,-33.700297247973,4,-1.19350137852798,-0.984723709915937,-0.949824012916576,0.827990009699109,0.9106,-0.829772277777702,-0.687962173086421,-0.663580033054688,0.745914269749724,0.8087
XLI,6m,unfiltered,127,0.987678593737055,0.998236090944784,0.988592172949757,0.991500386591191,-0.0486765081735468,-39.757392805273,5,-1.24927885961315,-1.00435266779222,-0.960848943683015,0.830765807950898,0.9138,-0.901067379297686,-0.725320314391402,-0.693902928984888,0.755489794263873,0.818
XLI,7m,unfiltered,127,0.983224876298433,0.994270677899087,0.986799658768915,0.990339885758388,-0.0509368239540265,-48.2796039081049,6,-1.30418458070291,-1.03380452530429,-0.980884825852104,0.83573540007323,0.9183,-1.03084973932919,-0.818460753270961,-0.776564344408021,0.780564394000814,0.8498
XLI,8m,unfiltered,127,0.982837132382164,0.99328450888072,0.98693449863216,0.990280839980815,-0.0482123550819857,-45.6333026008764,7,-1.26573813074765,-0.994309304203556,-0.935582061222669,0.824360964818327,0.9087,-1.00394637953942,-0.787347212149606,-0.740843844593098,0.769916730209853,0.8376
XLK,1d,filtered,70,0.692440363883812,0.691099790269029,1.0309502939005,1.03440725739022,0.00200667387730547,-0.0747129538416115,3,0.526604387511974,0.659920404033062,0.655189730824831,0.257262032003131,0.249,-1.45205018424252,-1.44541682872838,-1.43505528417755,0.922105606703338,0.9472
XLK,5d,filtered,70,0.912331628685648,0.911177007825889,1.13469948311492,1.12765746449909,0.00348389073493659,1.27252581628729,3,1.15533016891687,1.40469024884185,1.39462065486438,0.083802085831008,0.0948,1.8387936607092,2.05002303588352,2.03532734077719,0.0228304127909382,0.0015
XLK,10d,filtered,70,0.950676326197666,0.949136465835872,1.16641996007983,1.13695974390577,0.00557388595759373,11.9958568467122,3,2.03381751750064,2.13947160376637,2.12413469202088,0.018622516509148,0.038,2.723211120978,2.58767397054214,2.56912409717973,0.00618051488931837,0.0005
XLK,15d,filtered,70,0.961433763046912,0.959156302780916,1.29989245333076,1.24553690236267,0.00906008015249766,39.5319565403875,3,3.89633633998581,3.61249173781405,3.58659540581009,0.000310572010390642,0.0018,2.82498970323737,2.54720413094532,2.52894436770037,0.00686528899539662,0.0005
XLK,1m,filtered,70,0.967004305451616,0.964760851508886,1.21566818024388,1.14347697715387,0.00968959061739802,87.7194986857306,3,3.13623954469246,2.94089849208303,2.91981651065072,0.00236366599385385,0.0034,2.88935991778237,2.59936378970147,2.58073011727183,0.00599456051999603,0.0006
XLK,2m,filtered,70,0.986527142154782,0.982401532387888,1.19380982948738,1.05598387785039,0.0176566983806148,150.582268823481,3,2.94338458845759,2.64246244189575,2.58576935991247,0.00591541013961527,0.0143,3.65777583423781,2.81192165296976,2.75159288451696,0.00378486470903661,0.0012
XLK,3m,filtered,70,0.989380832693904,0.985061381366717,1.15090863866202,1.02962770273927,0.0186681980103621,155.50512827362,3,2.3055023064978,1.95865007543856,1.88864647017967,0.0315715503344508,0.0696,3.3829657998675,2.64964383203286,2.5549435978153,0.0064147961852542,0.0018
XLK,4m,filtered,70,0.991549414619127,0.986968964401037,1.12965441110638,1.00986903606441,0.0198247855425814,149.372213866079,3,2.17296926445299,1.68938615622664,1.60487148294718,0.0565448716875616,0.1074,3.13922087533693,2.57049057091116,2.44189701640156,0.00858874029133705,0.0039
XLK,5m,filtered,70,0.988082184861855,0.983711932494595,1.04987145948116,0.945732360720783,0.0190078393936061,119.054709649612,4,2.16207897856358,1.56811643866331,1.4672662014318,0.0734235606660223,0.102,3.34131375521429,2.43697817006249,2.28024884785202,0.0128434544445358,0.0148
XLK,6m,filtered,70,0.989748819425854,0.984237962592991,1.02837220733431,0.924935042835182,0.023859703124636,115.52769533853,5,2.73878400727806,1.93299359455069,1.78106200972317,0.0396518058472546,0.0391,3.82843053640377,2.44958887893369,2.25705336220904,0.0135869272375807,0.0122
XLK,7m,filtered,70,0.99187117006186,0.985781536333237,1.04591626665772,0.945534710430427,0.026332446753471,124.199165458609,6,2.71085642625575,1.87579830690846,1.70156428450142,0.0466697079236041,0.0234,3.57512228166046,2.26878742824334,2.05805050724629,0.0216823611511651,0.0091
XLK,8m,filtered,70,0.991727381623568,0.986572073593148,1.04974224087407,0.956166967197173,0.0223737278075902,120.148887823699,7,2.02305901111941,1.41712093596347,1.26524606014994,0.105019645127648,0.059,2.9118098819216,1.94426673528427,1.73589689085111,0.0435228886613523,0.0089
XLK,1d,unfiltered,127,0.725013922965716,0.721087531839316,0.937126272259251,0.939269456131497,0.00758547756963467,-0.15617812298,4,1.77893365232185,1.75971667654629,1.75277496634522,0.0410364639146655,0.0306,-1.79925830300661,-1.58191320773795,-1.57567289462521,0.941195630684451,0.9779
XLK,5d,unfiltered,127,0.847088448093304,0.846437848930762,0.898578306150756,0.90018084733348,0.0024389698160672,-3.1712596772932,4,0.5616400087613,0.548745317998625,0.546580633750014,0.292816748548415,0.2903,-1.12315465132595,-0.994243782764061,-0.990321701271541,0.838042561749257,0.9102
XLK,10d,unfiltered,127,0.883203110869115,0.88196687486414,0.895744332628227,0.896895928110212,0.00528833666390579,-7.38108053290804,4,1.46602241469068,1.44106429707446,1.43537960313212,0.0768283581973894,0.0538,-0.549396431366816,-0.500800457358811,-0.498824905447597,0.690613757853513,0.753
XLK,15d,unfiltered,127,0.912737888167325,0.911765300268507,0.895650811931801,0.896498559374898,0.00449938926843455,-8.34791841636677,4,1.17596688249515,1.08037831745191,1.07611645343299,0.141965680799232,0.1468,-0.27332590260795,-0.238867747447241,-0.237925464691579,0.593837311430166,0.6522
XLK,1m,unfiltered,127,0.928224077292453,0.928442960135091,0.882419585151652,0.884448051103313,-0.00109509922564804,-29.2848231089281,4,-0.209583313121264,-0.186524459765317,-0.185788660211697,0.573545370270238,0.6038,-0.489010888369038,-0.432679144070664,-0.430972316336281,0.666387554754761,0.7343
XLK,2m,unfiltered,127,0.975052534583976,0.986600661576013,0.991872746546429,0.99472619275466,-0.0579575538029568,-46.5219607848341,4,-1.13371546716547,-1.01662405264445,-1.00460870889057,0.841494654879159,0.922,-0.518024226448324,-0.474061656150268,-0.468458784819061,0.679867024477579,0.7386
XLK,3m,unfiltered,127,0.998780693917506,1.01362612652686,1.0054579705358,1.00684962651859,-0.0745701966145731,-22.9655044238663,4,-1.19479172273021,-1.05654048179671,-1.03573408815588,0.848845040077002,0.9259,-0.322535832804405,-0.270204354110212,-0.264883234615082,0.604233876774512,0.6449
XLK,4m,unfiltered,127,0.999173690853584,1.01371259944891,1.00748746550085,1.00907627629908,-0.0731239720948631,-26.2825101368678,4,-1.32997639969465,-1.14942682335182,-1.11774054560401,0.867097758290342,0.9384,-0.37827808128151,-0.306005568317057,-0.297569905225608,0.616739244684797,0.6517
XLK,5m,unfiltered,127,0.993031971902969,1.00715653157092,1.00238400136329,1.00515025370083,-0.0711116195113618,-45.5520575909197,4,-1.36955549898014,-1.17385151961319,-1.13224892393665,0.870160037090675,0.942,-0.633047879357441,-0.508026634654382,-0.49002160904313,0.687514622095844,0.7274
XLK,6m,unfiltered,127,0.994072865701325,1.00787100636914,1.0013586612502,1.00462967799318,-0.0695672619319477,-53.8506667921696,5,-1.4407733083362,-1.20662147718031,-1.15435644166954,0.874730605898296,0.9478,-0.75701515889099,-0.590290343778797,-0.564721806865829,0.713366495313962,0.761
XLK,7m,unfiltered,127,0.990558308742595,1.00547927858394,0.999281103153275,1.00376598034913,-0.0754378324208703,-73.7776136521791,6,-1.51971216260189,-1.27368197614916,-1.20848312498759,0.885437708824254,0.9544,-0.935583641881268,-0.742613184689566,-0.704599357528737,0.758820037628304,0.8144
XLK,8m,unfiltered,127,0.992880803421083,1.00839193018805,1.00151571697058,1.00579569416869,-0.0785887019227838,-70.6217327449911,7,-1.66367178468371,-1.37762825108597,-1.2962609052341,0.901372587833606,0.9666,-0.935914474537883,-0.730377940516669,-0.687239369249894,0.753402544609364,0.8116
XLP,1d,filtered,62,0.375380813481012,0.392516938310424,0.974115709256269,0.978580656299078,-0.00637348424709099,-0.00911519436916721,3,-0.613291005801936,-0.680948559599453,-0.675434715333985,0.749023945410319,0.8087,-0.635269178256177,-0.662377645695973,-0.657014175677852,0.743178440533366,0.7801
XLP,5d,filtered,62,0.934230358069962,0.93138578475733,0.775844748241976,0.765974752551509,0.00582724231860723,0.123229001309091,3,1.72609960777532,1.66679637591736,1.65329982686165,0.051703934543521,0.0372,1.16305456360885,1.27962653143026,1.26926501246851,0.104584019476221,0.0942
XLP,10d,filtered,62,0.971638496941868,0.968738326678706,0.888712768416445,0.870257688019674,0.00801792724964856,0.755925549493312,3,2.11185474778595,2.08987948246538,2.0729571028855,0.0212040286534928,0.0139,1.48507658619718,1.50974026517225,1.49751544644532,0.0697080898470097,0.0608
XLP,15d,filtered,62,0.970397088678167,0.967966746705702,0.864858559359914,0.835443187787956,0.00761664841525733,2.10930132940268,3,2.59848591275139,2.63825305018301,2.61689032572089,0.00558598881860695,0.0025,1.74303823884286,1.87579858324873,1.86060968077495,0.0338105760218353,0.0135
XLP,1m,filtered,62,0.975094843965694,0.973192883540196,0.870977087459694,0.833245164500589,0.00659207140075941,4.57954911487207,3,2.22718741118612,2.06885063667063,2.05209853394818,0.0222292974584969,0.0209,1.71993759894705,1.77198286446885,1.75763458893757,0.0419133842869681,0.0178
XLP,2m,filtered,62,0.976593580624688,0.97223777316878,0.815233900083469,0.743212548401412,0.0148806869154898,8.46448047485455,3,3.57396386359916,2.84750083962375,2.77851479726737,0.00362384860518572,0.0108,3.25058988872096,2.86588071793188,2.79644938859057,0.00345058852258584,0.0034
XLP,3m,filtered,62,0.975272587952962,0.97029000089838,0.7758328330855,0.701270406443809,0.0169943968756686,8.92721641911861,3,4.09255926619709,2.87838747257081,2.76222592707579,0.00378810544985153,0.0081,3.78035092270252,2.97250198114022,2.85254230670213,0.00295672637257505,0.0036
XLP,4m,filtered,62,0.973231428271467,0.968297982939085,0.732054412992578,0.659709105059707,0.0168124857653757,8.31909125627871,3,3.68356902749716,2.54642885902343,2.40259108171277,0.00966875940178136,0.0112,3.66812572466208,2.60742673114775,2.46014342331855,0.00836816040959654,0.0064
XLP,5m,filtered,62,0.97184941834599,0.965013224285181,0.72604902027693,0.636414005282352,0.0230090625388702,10.5554881919093,4,5.14819831456803,3.0985815956432,2.87357589637414,0.0027890045448159,0.006,4.74650345656443,2.88806783101404,2.67834873800468,0.00474739627429399,0.0063
XLP,6m,filtered,62,0.972973200451474,0.965502793977279,0.731810163546999,0.639895557249877,0.0249334531231493,10.9055140942895,5,5.45731967432608,3.26823712677889,2.97819624045683,0.0020779865223215,0.0045,4.90787099174809,3.03427023648956,2.7649928264996,0.00375973038254596,0.0045
XLP,7m,filtered,62,0.972846691267951,0.9662828384636,0.718431244473433,0.640696719767829,0.0219556334547433,8.96036601499281,6,4.80077174990165,2.75849076415923,2.46919394302797,0.00817860505670243,0.018,4.51014215890155,2.57040425489902,2.30083301339762,0.0124168009414142,0.0183
XLP,8m,filtered,62,0.974844557954428,0.968722599514441,0.728879313104904,0.657262529360519,0.0205472931268147,8.11333629056721,7,4.82641454592912,2.89922913615193,2.54840868019746,0.00667754179259128,0.02,4.58244581346972,2.80374196316167,2.46447590735741,0.00827693253437156,0.0167
XLP,1d,unfiltered,127,0.645265536577122,0.64253631995624,0.933450671863914,0.929911047280077,0.00265814179853829,0.0376468571397232,4,0.424319825632673,0.381042421561637,0.37953928977909,0.352463174385966,0.3559,1.20277786031926,1.13131255575838,1.12684976693926,0.130973735210793,0.072
XLP,5d,unfiltered,127,0.781178712489872,0.780975095968205,0.932351194968635,0.933133282075955,0.000561555701399392,-0.550935479965548,4,0.209564517474679,0.201496110219061,0.20070125067012,0.420627893460086,0.4309,-0.710922207560801,-0.950470629905793,-0.94672122424557,0.82720353188887,0.9253
XLP,10d,unfiltered,127,0.837460011962763,0.836538639664239,0.931503114574913,0.933078664608969,0.00313558142734361,-3.66699896462913,4,0.84107004237542,0.884516309776448,0.881027079963251,0.189990316644817,0.2165,-0.677698930156909,-0.839991052913259,-0.836677465823627,0.797821046811296,0.9126
XLP,15d,unfiltered,127,0.89179219368659,0.891292432221152,0.924462591110375,0.92669197149624,0.00184565784980648,-6.90199483662115,4,0.421019616571169,0.379103943149153,0.377608458254057,0.353178398895521,0.392,-0.552664191160551,-0.754272957878456,-0.75129751054885,0.773062713092657,0.8816
XLP,1m,unfiltered,127,0.928329002569035,0.928792165073579,0.919962632738925,0.922944226692621,-0.00184800665344847,-11.2128712910806,4,-0.322295449331657,-0.273412347801115,-0.27233379390143,0.607094424538631,0.6516,-0.498358674592978,-0.716315155215012,-0.713489443390825,0.761568796777093,0.8726
XLP,2m,unfiltered,127,1.00697657484053,1.01299680410435,1.00147458325749,1.00127884805781,-0.0241306839337922,0.802938510504115,4,-1.01552392726074,-0.887622946230271,-0.87713224930544,0.808957928823674,0.8989,0.12857213981816,0.154393618306831,0.152568860774746,0.439491164518838,0.4671
XLP,3m,unfiltered,127,1.01756384987215,1.02434029228984,1.0027881986665,1.00336764562139,-0.0271861031716856,-2.38170628135786,4,-1.07589259773344,-0.926374871463243,-0.908131822032842,0.817228881392388,0.9057,-0.494440240377853,-0.403122735367349,-0.395184061495281,0.653312358222698,0.7033
XLP,4m,unfiltered,127,1.00596700564697,1.01331701692231,1.00031175766733,1.0013306481313,-0.0294968181729363,-4.18037762278176,4,-1.05464217345067,-0.918711662353007,-0.893385515170727,0.813323026932407,0.9066,-0.66349884863898,-0.557612148685496,-0.5422404407526,0.705694699969401,0.7702
XLP,5m,unfiltered,127,0.992258727079537,0.999726995444268,0.996862985933028,0.998386971933061,-0.0299893863169188,-6.2306023246873,4,-1.06070562688274,-0.920537750777494,-0.887912875134609,0.811860280777708,0.9047,-0.771158305964178,-0.648604154485727,-0.625616906147804,0.733651104941434,0.8039
XLP,6m,unfiltered,127,0.980624984981719,0.988158438971677,0.992772915294108,0.99510512238808,-0.0302751312926153,-9.49691198121983,5,-1.03273454908838,-0.892589545752326,-0.853926862228487,0.802616964173411,0.9001,-0.83700062552131,-0.734063132703081,-0.702267050482226,0.758096026955523,0.8303
XLP,7m,unfiltered,127,0.978923536027165,0.986783353877873,0.992210626715856,0.994727246243368,-0.0316245924526891,-10.2445824913665,6,-1.07857089998848,-0.94932408331198,-0.900728876053817,0.815274557600212,0.9145,-0.949452879583117,-0.826285469119119,-0.783988518760327,0.782740909578318,0.8677
XLP,8m,unfiltered,127,0.976110316706082,0.982436912083503,0.991271105659623,0.993390050679765,-0.0255117140459754,-8.62077922025976,7,-1.14287134552722,-0.950384201387333,-0.89425132232836,0.813553788420745,0.9069,-0.978254491335608,-0.826179861783267,-0.777382907672769,0.780804988984695,0.8688
XLU,1d,filtered,76,0.9328665222705,0.937542820773781,1.01095461131759,1.01255746016758,-0.00507556510251956,-0.00828000941470026,3,-1.17747811873222,-1.1472593944605,-1.13968664243233,0.8709781718523,0.8971,-1.01493190548842,-1.16069829538175,-1.15303683676752,0.873721561390337,0.9201
XLU,5d,filtered,76,0.965728950817708,0.96510598534336,0.967344155403079,0.958161817734065,0.0015995352278032,0.324040410843458,3,0.603687674061037,0.696534204350689,0.691936568598782,0.245556887752817,0.2818,2.42361344063667,2.98948021880765,2.96974746046246,0.00200052215547697,0.0015
XLU,10d,filtered,76,0.974365256659265,0.973828897580125,0.871303300263157,0.850695970437239,0.00175445798758768,1.77395688934648,3,0.781654731075958,0.81626385771912,0.810875918588783,0.21000133933005,0.2155,3.2465423480408,2.98476032871074,2.9650587250961,0.00202796926962256,0.0005
XLU,15d,filtered,76,0.978161229661101,0.977555956398391,0.848906475590592,0.819335659864262,0.00221683024379099,4.49632338248897,3,1.05604906133076,1.20212028018135,1.19418540613822,0.118084352651072,0.1316,3.14492564461185,3.42544500202345,3.40283455689509,0.000536475453789875,0.0001
XLU,1m,filtered,76,0.978709940191174,0.977850571218433,0.826701244640501,0.789940796072905,0.00342328446837269,10.2647194487566,3,1.56415849514689,2.02233962635949,2.00899070406598,0.0240686533321115,0.0272,3.40976639881746,3.86223832340916,3.83674472253906,0.000129007410961446,0.0001
XLU,2m,filtered,76,0.982053019954439,0.979460719246103,0.804480799958655,0.748840365678282,0.0102554822738578,16.2491853751963,3,2.64158123206914,2.66767552636482,2.61496514076483,0.00539101519784702,0.016,3.9635199136015,4.55804283176285,4.46798083101762,1.3740658432071e-05,0.0001
XLU,3m,filtered,76,0.98318750529223,0.980541605386677,0.792125201675028,0.741850422616094,0.0104649497826403,15.0389488670835,3,2.27025977108677,2.11956634942827,2.04979634127101,0.0219402868751241,0.0327,3.47190038843376,3.16951592549959,3.06518460695592,0.00151145691409127,0.001
XLU,4m,filtered,76,0.983986323371449,0.981022489235211,0.77823635324805,0.725123550157866,0.0117046438226778,15.5824352047405,3,2.5110786863786,2.39512039269167,2.28476445925163,0.0125777243499501,0.0197,3.33034532994194,3.47084559242333,3.31092527846046,0.00071593783115742,0.0005
XLU,5m,filtered,76,0.983208830802342,0.979730919065381,0.780605744639534,0.720745438618102,0.0136895116516045,17.946393837869,4,2.96516203106947,2.62947215030201,2.47371923304089,0.00781681870063289,0.0162,3.52452846559133,3.19362340157786,3.00445381430082,0.0018078093480085,0.0017
XLU,6m,filtered,76,0.984461309554145,0.98065300234937,0.781281735671426,0.717259986501294,0.0149349363494942,19.2794362803762,5,2.83849917378616,2.51657886450083,2.33439931410441,0.0111271434947372,0.0223,3.74530375157381,3.21142167487364,2.97894123680167,0.00194769921032867,0.0032
XLU,7m,filtered,76,0.985579090750323,0.981499682097532,0.784363917057362,0.71784429465266,0.0160131510386138,19.1536546383681,6,3.48408461420559,3.37260458040261,3.08407832136731,0.00142890834013343,0.0019,4.1264243480984,4.16888348430037,3.81223557986811,0.000140191501358022,0.0001
XLU,8m,filtered,76,0.98437169701231,0.979850292999085,0.765968710924492,0.697445530801824,0.0177041182515343,19.2929101943628,7,4.02522912142026,3.44523996193768,3.10516645229935,0.00134173982995667,0.0018,4.45754853158193,3.861662149389,3.48048434619134,0.000418838551923706,0.0003
XLU,1d,unfiltered,127,0.774903225596943,0.772049451059478,1.04146101993008,1.03293975954679,0.00402534121589133,0.196664609839426,4,0.94480597055535,0.895120129329531,0.89158906969035,0.187156345823901,0.1662,1.19311832054321,1.02203712768778,1.01800540732638,0.155313059750693,0.0745
XLU,5d,unfiltered,127,0.864283501619341,0.862666040073155,0.884899819334927,0.8817049577983,0.00508258481286274,2.10131245100716,4,1.31259072162482,1.37510573315937,1.36968123180489,0.0866112387495535,0.035,1.30649367242321,1.09114098882414,1.0868366683424,0.139591882460333,0.0704
XLU,10d,unfiltered,127,0.852145234066233,0.85189142518616,0.939101222984923,0.938018266644678,0.00101419312129428,6.23821578660951,4,0.331670655854737,0.389764172102904,0.388226634858665,0.349251740289382,0.3168,0.593809579824359,0.919526157838164,0.915898821577113,0.180734783267051,0.0701
XLU,15d,unfiltered,127,0.885330152275384,0.886573342690053,0.946885081264441,0.945559097307644,-0.00537640860217645,13.463334281848,4,-0.890257106674442,-0.763316262759853,-0.760305141504675,0.775753716205897,0.844,0.402720645856315,0.735684108181687,0.732781989933566,0.232526220336691,0.1039
XLU,1m,unfiltered,127,0.915817508479564,0.919159594645237,0.947829933118701,0.946437919058433,-0.0154154779277975,19.8667372923705,4,-1.10585248162017,-0.975313089404381,-0.971465685494315,0.833411173163729,0.9175,0.290468031747034,0.568807283226987,0.566563458767605,0.286009314927993,0.1546
XLU,2m,unfiltered,127,1.00680002962987,1.02742683786479,1.00094629152352,1.00109057255226,-0.0959773202493039,-2.1851886106546,4,-1.05711345910029,-1.02601330530297,-1.01388699122728,0.843710170340512,0.9227,-0.0511100628166463,-0.0793831126645666,-0.0784448942696384,0.531200697728608,0.62
XLU,3m,unfiltered,127,1.00974884380491,1.01986283576543,0.999587198576147,1.0003482109211,-0.0470126295279689,-11.5188172799966,4,-1.22368553936227,-1.00981851707558,-0.989932216518176,0.837947763755605,0.9221,-0.773662946997429,-0.642396297615421,-0.629745622632416,0.734999342170354,0.8042
XLU,4m,unfiltered,127,0.999409479935506,1.00745390428379,0.998534261554692,0.999208369593034,-0.037386015520289,-10.2013230749155,4,-1.16612658043583,-0.966206530456883,-0.9395710910676,0.825382340415587,0.9203,-0.67488163111515,-0.561075020802218,-0.545607851787792,0.706849925111524,0.77
XLU,5m,unfiltered,127,0.98744515591159,0.996144175059395,0.996616386535616,0.997710189404213,-0.0404299187017472,-16.5296509094277,4,-1.15448651363262,-0.981814641938748,-0.947018045524792,0.827278868685788,0.9233,-0.82342630370126,-0.704986119659088,-0.680000632138982,0.751124229887973,0.8198
XLU,6m,unfiltered,127,0.982225074740553,0.990928266491832,0.995480463642454,0.996772075650637,-0.0404745356245849,-19.5018738996153,5,-1.19365974686993,-1.00297048137168,-0.959526626926422,0.830434426293373,0.9293,-0.899777704333588,-0.757266051644964,-0.724464930639879,0.764938271523907,0.8457
XLU,7m,unfiltered,127,0.977687082693801,0.986944759487604,0.994517139908623,0.996050202263458,-0.0430745137476861,-23.1338093269683,6,-1.2065712942437,-1.01916032389668,-0.966990250431076,0.832299342619822,0.9281,-0.952859793923459,-0.804956719395961,-0.763751572175396,0.776778457956908,0.8683
XLU,8m,unfiltered,127,0.976106733281935,0.98547207258588,0.993954343356353,0.995644724493569,-0.0435884119759138,-25.4999825917503,7,-1.20739203307215,-1.01662519648758,-0.956579902048301,0.82969444247724,0.9295,-1.03528683328645,-0.864913469686197,-0.813828778758569,0.791360818392054,0.8901
XLV,1d,filtered,69,0.702216822308321,0.707763889122744,0.978063772328619,0.975054809759487,-0.00471790910193942,0.0171280055968129,3,-0.39374967074108,-0.372541219589271,-0.369831792942985,0.643671422994993,0.6952,1.08299463416964,1.1079543872725,1.09989643024145,0.137627956552453,0.0681
XLV,5d,filtered,69,0.914274792489569,0.915944998151539,0.9471466321991,0.950225231573494,-0.00412196456631816,-0.128939439500168,3,-0.733381186701807,-0.872009148175543,-0.865667179293611,0.805141666020628,0.8253,-0.353038851527411,-0.34967262649582,-0.347129519097533,0.635216965586849,0.6604
XLV,10d,filtered,69,0.948303587782614,0.948463699774881,0.889037463557998,0.889405300591842,-0.000509118608790869,-0.0394835295619697,3,-0.124426250720055,-0.113599755461992,-0.112773564457411,0.544728828885763,0.5595,-0.0383255173624782,-0.0341653507597698,-0.0339168721838144,0.51347859935572,0.537
XLV,15d,filtered,69,0.959293433103527,0.960215363038076,0.847956319317399,0.844786119306608,-0.00327365902073854,0.561687242196173,3,-0.622143602609003,-0.58645148509132,-0.582186326776188,0.71881672735483,0.7476,0.228971059338638,0.238414075825493,0.23668013226187,0.406808239659525,0.4421
XLV,1m,filtered,69,0.966420244986658,0.966612171088052,0.762824795144384,0.756271998150227,-0.000743715090017708,1.76653153927576,3,-0.167712638645405,-0.143569779298282,-0.142525621591221,0.556456845897115,0.5769,0.424308668266486,0.384711157188171,0.381913220730137,0.351858325284815,0.3976
XLV,2m,filtered,69,0.971650919478528,0.971551175581528,0.70886779424492,0.707507771889188,0.000380898175379584,0.34793276424036,3,0.0668031334963444,0.0473557648598565,0.0463250207387894,0.481593488701965,0.52,0.0699556803219854,0.0504404374981035,0.0493425524872905,0.48039547720081,0.5137
XLV,3m,filtered,69,0.974288144652273,0.971788799332197,0.73746868540031,0.706235002896072,0.00944165478451405,8.4157079156957,3,2.09937357253182,1.39193513657409,1.34146478443142,0.0921163179338588,0.0879,2.21573166492978,1.43807649656864,1.38593309901885,0.0851478588856722,0.057
XLV,4m,filtered,69,0.970943073197174,0.967675936556624,0.719611303255009,0.68435278655764,0.0122359101038958,10.013271643096,3,2.83884120524963,1.87265061010277,1.77760929201393,0.0399696989738284,0.0294,2.59434847058751,1.68359700797807,1.59815059426618,0.0573231225762116,0.0326
XLV,5m,filtered,69,0.970020451018235,0.966418143247763,0.705663700804981,0.667376102360743,0.013353054416247,10.6069856611758,4,3.10988762833603,2.04985010801381,1.91610665694898,0.029778129567014,0.0157,2.8014321113492,1.80554758910935,1.68774377277897,0.0480212147753638,0.0182
XLV,6m,filtered,69,0.968362798581612,0.963989507087403,0.693358317968925,0.648050863843695,0.0160617496403158,12.4972701883059,5,4.77572423604366,3.1552310402978,2.90363709967986,0.00248499488285336,0.0001,4.0974198152992,2.61834936175568,2.40956565450094,0.00934191021880848,0.0004
XLV,7m,filtered,69,0.970875874587282,0.966372834120112,0.715765587627373,0.670722346239389,0.0165883813937173,12.7124211986197,6,6.43811987783441,3.98783597897118,3.61205467950907,0.000288421263706984,0.0001,5.45089152116908,3.22254858681343,2.91888176051509,0.00237967557912766,0.0004
XLV,8m,filtered,69,0.974285386321284,0.970253293695615,0.725738004819115,0.682144142098685,0.0149817176387365,11.6467861675531,7,5.82285763629652,3.6014766086106,3.20990567006056,0.00101384692793305,0.0004,5.22199495318783,3.11053127406445,2.77233842076017,0.00358711250128863,0.0013
XLV,1d,unfiltered,127,0.72658443839522,0.731721536862069,0.960013503397066,0.958175255649736,-0.00660649149219032,0.048419649891907,4,-0.67757616512887,-0.501115160975397,-0.499138367624958,0.690723859116458,0.7422,0.674402161003714,0.618059722820477,0.615621607901209,0.269627352894567,0.2299
XLV,5d,unfiltered,127,0.869375468093072,0.870215674481115,0.903293490692872,0.900225959965341,-0.00241746482515961,1.26543530870002,4,-0.57273981625571,-0.605708149074811,-0.603318758502259,0.726309415000653,0.7603,0.953279942842498,0.881993348857757,0.87851407159191,0.190668512967679,0.0971
XLV,10d,unfiltered,127,0.906900899120291,0.906218079746424,0.915725994113248,0.912477202145066,0.00240041611411113,5.49492824989068,4,0.672861031553156,0.723719086709805,0.720864167941416,0.236164219635065,0.2424,1.37589719887652,1.16106194975065,1.15648180586267,0.12483605488882,0.0693
XLV,15d,unfiltered,127,0.925718294605001,0.925508245211167,0.920939938091431,0.91780949423217,0.000817715673115183,10.2309601784001,4,0.190906729709551,0.209154586495574,0.208329515877089,0.417654036573153,0.4212,1.60686168842258,1.30199905188808,1.29686294093299,0.0985240965370313,0.0521
XLV,1m,unfiltered,127,0.943328477505516,0.94412992096097,0.914420969846723,0.911539201283439,-0.00338796358000627,12.8595126419796,4,-0.642971315859084,-0.744342372802657,-0.741406099531376,0.770086564226895,0.8356,1.27520518469048,1.20094752531836,1.19621004126848,0.116930375375054,0.0547
XLV,2m,unfiltered,127,0.984161781472532,0.991394357762357,0.98977560622032,0.992725647870404,-0.0306385625967835,-14.3498394095365,4,-1.19350112344467,-1.08332277230454,-1.07051912530073,0.856783963640845,0.926,-0.714330050448741,-0.805939950317572,-0.796414653800281,0.786355458211041,0.882
XLV,3m,unfiltered,127,1.00080213328146,1.00814583651857,0.996799488817408,1.00011724330921,-0.0311226680433082,-16.2381155752164,4,-1.15279607997172,-1.01930894301495,-0.999235748021112,0.84020218688072,0.9194,-1.0750939116634,-0.894343200457702,-0.87673094896396,0.808849357291923,0.8703
XLV,4m,unfiltered,127,0.996554232127919,1.00297466070577,0.995330949831811,0.997974636105024,-0.0271862572247796,-12.9459145246426,4,-1.17979473863515,-0.989179286758241,-0.961910556826221,0.831031550800421,0.9096,-0.909320469860868,-0.759146435928005,-0.738219027300173,0.769122942056073,0.8334
XLV,5m,unfiltered,127,0.997571581769912,1.001743402547,0.996226451309896,0.997688197930627,-0.0176828448131377,-7.15972338055585,4,-0.961468610701826,-0.825669502292597,-0.796406862263258,0.786353202950801,0.8546,-0.640056903058433,-0.532046404921102,-0.51319009209511,0.695641503743907,0.7463
XLV,6m,unfiltered,127,0.996392992434961,0.998325978434411,0.99580149927852,0.996155184132409,-0.0081952181432256,-1.7304447685087,5,-0.867537269436179,-0.594656705597002,-0.568899038903239,0.714781340124724,0.7551,-0.269020662133248,-0.177703575815535,-0.170006312111847,0.567361081494782,0.5831
XLV,7m,unfiltered,127,0.994765110394787,0.997356700100716,0.994855349900355,0.995756593423881,-0.0109894818447871,-4.40569671637902,6,-0.818677042768362,-0.661717967788133,-0.627845107764474,0.73437916290247,0.7923,-0.495039062705743,-0.381926735982697,-0.362376184997241,0.641160986535683,0.6811
XLV,8m,unfiltered,127,0.993098926996667,0.99451505528793,0.993900537777218,0.99421393502626,-0.0060090873811174,-1.5313279123393,7,-0.631905949375448,-0.451995737175395,-0.425299352688993,0.664328025304747,0.702,-0.236762697956352,-0.159831218362824,-0.150391050442195,0.559651705745466,0.5787
XLY,1d,filtered,78,0.865637031606877,0.870991904262166,0.890641498574247,0.891807960409075,-0.00728270689745585,-0.0120682909344218,3,-1.23009765804376,-1.2485610769189,-1.24053166194962,0.890727262905417,0.9422,-0.351145641537909,-0.709050509541764,-0.704490651893999,0.758373688743807,0.8283
XLY,5d,filtered,78,0.95195599188036,0.952169666535831,0.89188082690499,0.874934481240137,-0.000599602161813848,1.38503891229297,3,-0.13880295579351,-0.168640653642161,-0.167556136581831,0.566314116492148,0.5593,1.85015341019139,1.61806376968474,1.60765810696328,0.0560015764502876,0.0339
XLY,10d,filtered,78,0.93812697996362,0.937497228868285,0.749785070999502,0.723579816614708,0.00217482705267547,5.49183042672804,3,0.691456584419377,0.840508548613548,0.835103292878122,0.203121618653331,0.1966,2.17037664025504,2.05232844382857,2.03913005327052,0.0224342942081454,0.0143
XLY,15d,filtered,78,0.949166462269819,0.947992697245621,0.742237078379501,0.70205802284941,0.0045211252286795,16.6297799736176,3,1.43075485713039,1.51226257217362,1.50253731006273,0.0685243271644402,0.0719,2.85721173207373,2.20404367558274,2.1898696142502,0.0157807013545264,0.0108
XLY,1m,filtered,78,0.955350697369453,0.954298816009713,0.744883031196317,0.69943681050361,0.00442539498485026,37.6322115926347,3,1.15399852409028,1.30189936565195,1.29352693562165,0.0998479303007483,0.1136,2.59537470228328,2.40762181322459,2.39213855414753,0.0095947350940585,0.0063
XLY,2m,filtered,78,0.961904641516997,0.95892155469545,0.799565342887611,0.714789565079503,0.0125550813803078,77.5086091300509,3,1.75985923241602,1.4869938976431,1.45836671045073,0.0744032628946317,0.1073,3.58289051053435,2.45110024001301,2.40391234939065,0.0093125683497105,0.0033
XLY,3m,filtered,78,0.967273458822849,0.962791890911154,0.812196130558384,0.693519277358554,0.0187730667813456,105.397610748238,3,2.07180512139807,1.60416324607476,1.55271370705268,0.0622961548728487,0.1114,3.26593337325829,2.23869276321924,2.16689227099282,0.0166676806089238,0.0073
XLY,4m,filtered,78,0.967370931154851,0.962644848226129,0.802207659534407,0.690865519418471,0.019801949914246,102.512373884921,3,1.79654613157891,1.42795849768946,1.36385271983801,0.0882938397326807,0.1332,3.23981464522243,2.17230560461968,2.07478362429565,0.0206737528330879,0.0073
XLY,5m,filtered,78,0.967580143349835,0.962059002490274,0.801716085126393,0.682512860315768,0.0230819354923203,108.213995170267,4,1.98482295811668,1.51350807642262,1.42615730248661,0.0789324068797426,0.1196,3.19062880192142,2.11583766259096,1.99372397173631,0.0248617653471752,0.0074
XLY,6m,filtered,78,0.967059548865752,0.961362521090542,0.782696939223465,0.668464737691712,0.0237683879716267,102.42917572548,5,1.96125899714993,1.51645528490915,1.40949222495828,0.0813579093996686,0.1245,3.3053967623349,2.18414890572017,2.03009012623024,0.022900650708697,0.0066
XLY,7m,filtered,78,0.967124102478395,0.962447579036392,0.780600846000943,0.685743086973634,0.019648936233495,86.3654066548585,6,1.61248581644038,1.29669954679023,1.18861218731457,0.119122629349267,0.154,2.92853616501298,2.03704964734653,1.86724985212987,0.032836289859082,0.0145
XLY,8m,filtered,78,0.970903232355989,0.967917833538631,0.826407212355441,0.755915339360913,0.0127485321578822,76.3881415474875,7,0.976237322852085,0.898824849433114,0.812378951332224,0.209539381276244,0.2001,2.7949448715226,2.06346701364428,1.86500981777509,0.0329949796078487,0.0179
XLY,1d,unfiltered,126,0.792334483392577,0.790027578032384,0.977414788583193,0.974666766630948,0.00401484117680133,0.109871079687357,4,0.762071162224898,0.700524056217279,0.697738661264889,0.243318241993542,0.284,0.837225597616377,1.50679877906091,1.50080750770311,0.0679635457323989,0.0105
XLY,5d,unfiltered,126,0.851126864036457,0.849917926268356,0.904269465040754,0.900595843805475,0.00416967778775737,3.89390130130773,4,0.824228212419704,0.786418063681204,0.78329114050761,0.217468869086285,0.1973,0.952669786426933,1.15665222725689,1.15205319422315,0.125748906527946,0.0527
XLY,10d,unfiltered,126,0.862313297754655,0.86143191268428,0.882368286718615,0.878119448275421,0.00363486544710026,17.0208696901459,4,0.835564786550126,0.807111669876949,0.803902465637155,0.211489735664464,0.2188,1.07872148448346,1.21021014106767,1.20539815325891,0.115163275547723,0.0446
XLY,15d,unfiltered,126,0.895679852105177,0.894921255217666,0.873500154242136,0.867024915401743,0.00339323997310754,39.458230071013,4,0.823904322228573,1.00618685340962,1.00218609460944,0.159094912316939,0.1386,1.4475469226143,1.56666244476167,1.56043314595742,0.060592909180933,0.0141
XLY,1m,unfiltered,126,0.916427217363657,0.916463963372333,0.863564493725351,0.85660043679784,-0.000177402261320421,63.1733756958765,4,-0.0307376769246598,-0.0375910454027844,-0.0374415774334967,0.514903674297257,0.5299,1.51606185883209,1.7514369524789,1.74447296087352,0.0417673049876998,0.0069
XLY,2m,unfiltered,126,0.986370288898684,0.99070809822289,0.97079073047434,0.967751526167026,-0.0210217518263723,31.1964143001551,4,-1.13205298769972,-0.988890208724825,-0.977109826353824,0.834798990062994,0.9088,0.890603771125184,0.859468096340598,0.849229484691663,0.198688550091483,0.1495
XLY,3m,unfiltered,126,0.997184554739314,1.00699402309489,0.980229981979794,0.978110058490418,-0.0476267412777583,21.9872037309634,4,-1.1266236310608,-1.03270349753756,-1.01220505313611,0.84330234435474,0.9268,0.542047144239759,0.445656045209386,0.436810083433644,0.331501356935466,0.3108
XLY,4m,unfiltered,126,0.997467505212885,1.00831338381177,0.987559949441857,0.986332410267039,-0.0527734486495208,12.8521213990033,4,-1.23314819325484,-1.10240062142739,-1.0717694541395,0.857055741271946,0.9392,0.33439106832363,0.245091867431667,0.238281775123772,0.40602636479427,0.3908
XLY,5m,unfiltered,126,0.996492930970872,1.00737604812092,0.992171207362394,0.990925138912384,-0.0530186562980075,13.1025755769785,4,-1.34728696705221,-1.16418894143265,-1.12260125915673,0.868120744451485,0.9491,0.329904314616113,0.235681990289936,0.22726285196839,0.410295317227141,0.4014
XLY,6m,unfiltered,126,0.987352922635558,1.00032335984659,0.990743695321001,0.991405077696261,-0.0632146312252772,-6.94613053333073,5,-1.4330895803738,-1.24721556698043,-1.19276334939278,0.882389371235611,0.9572,-0.144422978581044,-0.107585035471463,-0.102887977548389,0.54089162034176,0.5578
XLY,7m,unfiltered,126,0.982089580171328,0.994979179472662,0.987518927611379,0.989624880959874,-0.0628176183677987,-22.0688631842246,6,-1.4707986272372,-1.27010088339952,-1.20456926192872,0.884677300442698,0.9617,-0.420067110553578,-0.321922045155487,-0.30531228298465,0.619681930353101,0.6447
XLY,8m,unfiltered,126,0.987322991759131,0.999071880450527,0.991353708189748,0.992604964747502,-0.057370531445454,-13.1443306511655,7,-1.5276050258673,-1.30243869330209,-1.22490167674369,0.888542248251134,0.9639,-0.295746085411316,-0.212412497780463,-0.199767118429931,0.579006332097758,0.588
XOM,1d,filtered,73,0.887710621496418,0.889201786997833,0.882538888416928,0.887145033288898,-0.00251206729751011,-0.0675457010694858,3,-0.262181289116737,-0.279903888972768,-0.277980128107879,0.60908784320591,0.634,-0.287003556496308,-0.345162512442307,-0.342790233386449,0.633622473452276,0.6884
XOM,5d,filtered,73,0.963861852714688,0.964820763186196,1.11056548462149,1.10642725409547,-0.00305115099557236,0.676873808822287,3,-0.452748512385951,-0.457127304294829,-0.453985498650392,0.674397587690113,0.7268,0.1554893604991,0.216477673738106,0.214989837043918,0.415191519968041,0.3846
XOM,10d,filtered,73,0.970432744954475,0.970426038374446,1.13260164814775,1.146449258957,2.60366194987721e-05,-8.11205473559066,3,0.00451574164618778,0.00390810035453021,0.00388124023998984,0.498456979957379,0.4806,-0.574923110672819,-0.479877434657228,-0.476579268875663,0.682447525223764,0.7165
XOM,15d,filtered,73,0.972039147946762,0.972017888277418,1.12549410339911,1.15229896725185,9.16879367788114e-05,-37.1348219244256,3,0.0172127948839002,0.0136192908320611,0.0135256863494424,0.494622900982995,0.4794,-0.607696619407166,-0.527886539802544,-0.524258410625417,0.699145447244025,0.7495
XOM,1m,filtered,73,0.977775343188028,0.977697572556659,1.04312370460034,1.08609940528434,0.000366435313308594,-103.88347298539,3,0.0581169628743453,0.049902247579699,0.0495592727417426,0.480305414059349,0.4669,-0.59935380406311,-0.551590730055453,-0.547799683550846,0.707238120641387,0.7685
XOM,2m,filtered,73,0.989122155701152,0.987974951151543,1.06368099576395,1.12789455264522,0.00535316547157247,-161.509621365843,3,0.521006182393215,0.468829772084636,0.459185055637837,0.323742309374846,0.3314,-0.423929493556172,-0.416038429679953,-0.407479731141264,0.657567648383939,0.7196
XOM,3m,filtered,73,0.989990824774749,0.985602569691571,1.00211705737572,0.999181862516095,0.0205051980160431,6.94298549315366,3,1.96064808580853,1.53173090489404,1.47923716336905,0.0717195211427961,0.1077,0.0230440023723137,0.0210977567624304,0.0203747184097369,0.491900405102437,0.5273
XOM,4m,filtered,73,0.993337256709656,0.988245786729836,1.13678867506494,1.09042517900609,0.0235217902634535,108.255148019696,3,2.11685669143499,1.57719633653259,1.50153847490755,0.0687947169775063,0.1177,0.344351866981135,0.307947955117168,0.293175739866408,0.385115584307996,0.4368
XOM,5m,filtered,73,0.990092728251512,0.985179283889119,1.10092903708628,1.03983660927937,0.0226968850329526,142.268146529493,4,2.04021805513075,1.36678973650235,1.28250140788128,0.101890244078632,0.1357,0.503117594163775,0.423819694893062,0.397683228716016,0.3460201628415,0.3998
XOM,6m,filtered,73,0.990996784499858,0.985462372470984,1.09182439797566,1.00098826358281,0.0255726534443818,206.910855510766,5,2.28961428634575,1.34056546999339,1.23952995427193,0.109587182109317,0.1222,0.833284547109099,0.620608296821063,0.573834393767568,0.283934077688066,0.3311
XOM,7m,filtered,73,0.992734928391373,0.986763944876253,1.09408710414002,0.994646108824393,0.0276124473995054,222.448197013847,6,2.3805768644231,1.31514781462928,1.1980117473363,0.117420640609457,0.1124,0.911061506205849,0.63554552579553,0.578939490603718,0.282218418499083,0.3099
XOM,8m,filtered,73,0.99421182760672,0.987545847009218,1.12503391668954,1.00071445721109,0.0309381563280811,276.80339705995,7,2.84839487994234,1.5040214169708,1.3494593493136,0.0907087704227246,0.0673,1.28263243096486,0.818140310351896,0.734063410531959,0.232646954913886,0.2275
XOM,1d,unfiltered,127,0.623769690557222,0.625288725817504,0.925004646459557,0.925513559209397,-0.0041443458141312,-0.230559728134506,4,-0.609590581311736,-0.657747386727524,-0.655152712366005,0.743218120677587,0.7976,-0.6974813466262,-0.792308401584395,-0.789182912471873,0.784256198550203,0.8561
XOM,5d,unfiltered,127,0.838145937598257,0.838660559522891,0.835276042364107,0.833680658401439,-0.00206250691911142,3.60960806354325,4,-0.38734909706164,-0.433126108789401,-0.431417517873713,0.666548968538226,0.6739,0.598357344925549,0.760128903077575,0.757130355282383,0.225192643575988,0.157
XOM,10d,unfiltered,127,0.870062740161215,0.870196952167433,0.807285321746401,0.807238147128307,-0.000621987339863336,0.33010805840305,4,-0.132640261359426,-0.136663975175653,-0.136124864690857,0.554030090236926,0.5449,0.0151061328990347,0.0164651500570972,0.0164001985216388,0.493470531034553,0.4964
XOM,15d,unfiltered,127,0.890594592897641,0.890943351283882,0.812694250683228,0.815834265981473,-0.00173793797938171,-39.2508434046968,4,-0.430876074389762,-0.390206858120424,-0.388667574573452,0.650910972507565,0.6241,-0.651988762332018,-0.629329742062801,-0.626847169300641,0.73405321592442,0.77
XOM,1m,unfiltered,127,0.915373441529798,0.915640922485685,0.778886496813196,0.784671444260595,-0.0014280891461748,-92.5671931479871,4,-0.283695120086378,-0.332132363878425,-0.330822171931524,0.629335842270665,0.6129,-0.682396590479635,-0.705312700703578,-0.702530391235996,0.758177834701874,0.807
XOM,2m,unfiltered,127,0.947794063129286,0.949721459867375,0.936584275004993,0.943161900214,-0.0103507969140608,-127.754957731083,4,-0.819958519984189,-0.726481254914809,-0.717895070094723,0.762924530048445,0.79,-0.533317391838753,-0.513323431275021,-0.507256530272979,0.693569244694486,0.7297
XOM,3m,unfiltered,127,0.969677618602158,0.971340328075242,0.975672455724424,0.97433376837338,-0.0089677896320831,27.1070908656122,4,-0.676759793992248,-0.438054138503614,-0.429427562429405,0.665827241955461,0.6673,0.140809081129784,0.112334789926145,0.11012258708202,0.456243680545799,0.4694
XOM,4m,unfiltered,127,0.968684266397415,0.97205664890772,0.983757698311538,0.983439091657185,-0.0182483036285103,6.54309435035594,4,-1.23454851883617,-0.802950537263399,-0.780815579887611,0.781812259443441,0.7744,0.0307216449451899,0.024575361500797,0.0238978919007782,0.490485930774062,0.4936
XOM,5m,unfiltered,127,0.967380823295574,0.970804718292254,0.985397497163666,0.982963041190251,-0.0185770548467051,50.2006127688649,4,-1.16246631677465,-0.760254079670244,-0.733309834542557,0.767634175478332,0.7748,0.256449755763608,0.198082964488195,0.191062685224316,0.424392004449421,0.4298
XOM,6m,unfiltered,127,0.971576382436348,0.974031397700896,0.993059034172444,0.983947720518151,-0.0133598577316733,188.947559404042,5,-0.724131308588959,-0.455366274817881,-0.435641999248561,0.668079054596021,0.6606,1.04114997236461,0.676591907886282,0.647285202543516,0.259312464099069,0.28
XOM,7m,unfiltered,127,0.974292724413774,0.977360473188261,0.999089850594871,0.989842467661161,-0.016748880646841,193.180137685523,6,-0.863162839431365,-0.530267306193538,-0.50312330963885,0.692122027344756,0.6905,1.04198062599309,0.658209330049468,0.624516074631972,0.266708965108582,0.2661
XOM,8m,unfiltered,127,0.973970436865564,0.977579923554905,1.00110426022723,0.991100487773114,-0.0197629896763903,210.074889168033,7,-1.02805676354114,-0.580123666720009,-0.545859616901307,0.706936210177141,0.6967,1.20730972733044,0.670079569204045,0.630502422021765,0.264753905178622,0.2463
SP500_dedicated_full,1d,filtered,105,0.682965800085437,0.674421765289913,0.794628769699016,0.786377101901695,0.00679452872347402,0.0210963872982458,4,1.94696642427552,1.86014217166811,1.85126316072512,0.0334845575642999,0.031,2.82248412818995,2.23078971021905,2.22014148851309,0.0142896285962248,0.0084
SP500_dedicated_full,5d,filtered,105,0.878131470443559,0.874866026954135,0.735616404527348,0.71754551028798,0.00796282767294275,0.736636366235852,4,3.28241062699187,2.9410538982829,2.92701537469879,0.00210196284835751,0.0003,2.65980247160587,2.12049148251187,2.11036974699912,0.0186124206708432,0.0061
SP500_dedicated_full,10d,filtered,105,0.907891466369183,0.905672125790331,0.698949030303241,0.673151340409319,0.00701584086550489,3.96192311805172,4,2.06842865305917,2.65963558003867,2.64694034965296,0.00469253258541613,0.0054,2.59081781243868,2.14990045136718,2.13963833811328,0.0173615226258453,0.0039
SP500_dedicated_full,15d,filtered,105,0.920149379865008,0.917609225969071,0.679506376442798,0.64046214170323,0.00907529219707742,12.5730794647256,4,2.77076420660214,2.98152844510215,2.96729672448741,0.00186411430216116,0.0034,2.71532297217594,2.24308065001675,2.23237376000541,0.0138670558105275,0.0035
SP500_dedicated_full,1m,filtered,105,0.93494002278403,0.931812599547474,0.692094027159784,0.633376163537218,0.0121755930109146,34.8341507608046,4,4.04376376595665,3.44063608103728,3.42421290334707,0.000441697570315758,0.0019,3.05873247268306,2.43232361564014,2.42071341275937,0.008611520350708,0.0026
SP500_dedicated_full,2m,filtered,105,0.945628532488649,0.937436441877732,0.74572078055454,0.615150860337835,0.0317805611987919,84.1238792146682,4,6.14718424060352,4.46938751771512,4.40548771658104,1.28563096170042e-05,0.0004,3.66137467453319,2.72304146472338,2.68410955125963,0.00423183206663047,0.0022
SP500_dedicated_full,3m,filtered,105,0.947312341649512,0.936003519673356,0.735834406881142,0.578213452652278,0.0437139363504937,100.894878754449,4,7.04773547302768,4.39105833335336,4.28645832559692,2.03379366481293e-05,0.0004,4.05810025790608,2.67166363317508,2.6080215643303,0.00522312949504355,0.0026
SP500_dedicated_full,4m,filtered,105,0.952978744419802,0.940352365898007,0.751140562304966,0.583241528820593,0.0488291958142394,108.997029596704,4,7.06062763184066,4.41559113771278,4.26835297642606,2.17927905132864e-05,0.0002,4.2646604114982,2.68765276429081,2.59803281560228,0.00536777008360123,0.0022
SP500_dedicated_full,5m,filtered,105,0.952342959325936,0.938002226264196,0.757852879842074,0.582529421333672,0.0551119442664704,117.814736006729,4,7.40971340040648,4.40511624764446,4.21627337003862,2.65575026671128e-05,0.0003,4.05605869631103,2.61474245727003,2.50265109303122,0.0069418049655019,0.0029
SP500_dedicated_full,6m,filtered,105,0.954479761376177,0.939229019358261,0.766317125407027,0.582686160404846,0.0584781665356131,125.824441716318,5,6.78847984631788,4.27537080619869,4.05137165822867,4.91745454801462e-05,0.0002,4.21911217267594,2.6652870823997,2.52564491740025,0.00652853700211042,0.003
SP500_dedicated_full,7m,filtered,105,0.959967957103683,0.945073548699063,0.787474840477107,0.612911474994469,0.0573377513887431,126.237691614902,6,5.92447924663342,3.96769863507826,3.7220312416402,0.000160505124212285,0.0001,3.94566351520804,2.59191504362617,2.43143183374952,0.00837448228828008,0.0029
SP500_dedicated_full,8m,filtered,105,0.964124326794348,0.949187037818053,0.787234270598692,0.613804052122494,0.0577171742888292,121.382517932855,7,6.14973634302578,3.82653747178885,3.55316664428464,0.000286922934227052,0.0001,3.86378208862115,2.51762751707262,2.33776623967403,0.010656842034572,0.0041
SP500_dedicated_full,1d,unfiltered,187,0.631111533539979,0.625383999002198,2.86172568994048,2.87617727014846,0.00523897258908142,-0.256830432333077,4,2.337226129573,2.21442519717925,2.20849633728379,0.0142157939866754,0.0147,-0.914505136161584,-0.92989247967879,-0.927402803244075,0.822540358591582,0.9278
SP500_dedicated_full,5d,unfiltered,187,0.851557753618019,0.849777138469229,1.44951067087047,1.46349151726288,0.00477482070659705,-3.83695263843927,4,2.41369637462801,2.2263683763008,2.22040753996477,0.0137993180729199,0.0084,-0.81265260462184,-0.829632313543109,-0.827411071769846,0.795467806365222,0.9245
SP500_dedicated_full,10d,unfiltered,187,0.918362075966304,0.91710359728894,1.39982167193658,1.41111499147796,0.00436362565738422,-11.1687162735977,4,1.40730036984923,1.48229062464934,1.47832196793016,0.0705065199953394,0.0785,-0.688561834983835,-0.704992104535398,-0.703104572086563,0.75856514900767,0.8146
SP500_dedicated_full,15d,unfiltered,187,0.951402069867299,0.950255567421791,1.29338850349927,1.29917738948792,0.00451494090403879,-13.3697666169929,4,1.43113376584539,1.41250094769129,1.40871914452552,0.0802938496797989,0.1027,-0.483439208118065,-0.497898787998812,-0.496565723255906,0.689959159670934,0.7604
SP500_dedicated_full,1m,unfiltered,187,0.988692352325525,0.987909619495343,1.18174958352139,1.18259868915836,0.00342138528115934,-6.11975704163515,4,0.959099934181719,0.873956226279197,0.871616312505198,0.192270697156865,0.2228,-0.167073151985507,-0.179174007948289,-0.178694290868035,0.570813879535721,0.6204
SP500_dedicated_full,2m,unfiltered,187,1.0040277828863,1.00392802224063,1.02878232792676,1.01858428305726,0.000437260586115393,64.0654954643603,4,0.0569118317308853,0.0446182705330287,0.0442602091850384,0.482372234528535,0.4846,2.40576908756482,2.07187312914977,2.05524635996697,0.0206264467027883,0.0071
SP500_dedicated_full,3m,unfiltered,187,1.00726110746044,1.00836636426535,0.989807594994344,0.9820815865095,-0.0048475231321082,46.7495891903593,4,-0.457232960684834,-0.326246919776529,-0.321884147935108,0.626049036562108,0.6313,2.35149160790741,1.50143003039992,1.48135199667326,0.0701024331880554,0.0396
SP500_dedicated_full,4m,unfiltered,187,1.01105206611707,1.01252572195613,0.993637459021055,0.986047828010173,-0.00646870861929842,46.0804373169425,4,-0.527869824917309,-0.352460432474941,-0.345862295524297,0.635081457277906,0.638,2.2168183869966,1.30114669903879,1.27678894616182,0.101634234831054,0.0696
SP500_dedicated_full,5m,unfiltered,187,1.00535793457318,1.0065003399997,0.994572379798546,0.985740373861662,-0.00500506100223948,53.6653632217743,4,-0.367388837819008,-0.243091946877491,-0.237241250286076,0.59363463086757,0.5971,2.44494868073927,1.39475219736433,1.36118353319505,0.0875512374918644,0.0539
SP500_dedicated_full,6m,unfiltered,187,1.00118005582525,1.00196021321835,0.993690286534103,0.983427048119576,-0.00340995365889556,62.2241176611677,5,-0.244503896361097,-0.150644593690402,-0.146213315534176,0.558044331135677,0.5586,2.774948728495,1.46464739157202,1.42156413293093,0.0784136789709885,0.038
SP500_dedicated_full,7m,unfiltered,187,0.997386723473762,0.997491663749726,0.991931493331439,0.981340613902809,-0.000458324145763963,64.1514661011912,6,-0.0324035132953921,-0.0194537365690109,-0.0187774651260101,0.507480620884989,0.5103,2.71556351514021,1.40713843856702,1.35822199832554,0.0880192071312987,0.0389
SP500_dedicated_full,8m,unfiltered,187,0.993879458336291,0.994627410618979,0.98914356940749,0.979429920668167,-0.00326571229954405,58.7594001485284,7,-0.223015925669503,-0.134833700054516,-0.129425429220691,0.551419560687952,0.5563,2.47649479884761,1.24773080782707,1.19768348187141,0.116282147533366,0.0563
SP500_dedicated_replication,1d,filtered,88,0.784978068032782,0.776342553052991,0.845275561995047,0.836413943074307,0.00718673161500034,0.0245509008904828,3,1.75395823190285,1.686449684606,1.67684020647184,0.048581764774059,0.0464,2.76943455764064,2.28616819308901,2.27314148765983,0.0127403488674042,0.0059
SP500_dedicated_replication,5d,filtered,88,0.878710123055827,0.875158707133835,0.721911465270004,0.700997313861121,0.00874872621468127,0.897780675019589,3,3.17541820235979,2.75874905477295,2.74302955898162,0.00369550121174078,0.0003,2.7555750980526,2.26190174998653,2.24901331601396,0.0135184979508577,0.0027
SP500_dedicated_replication,10d,filtered,88,0.901629152151335,0.89938312500133,0.669604232569757,0.641319909960038,0.00714294378432546,4.4854867343305,3,1.79699687331843,2.20674218691764,2.19416805500818,0.0154442151058677,0.0117,2.46878734392815,2.06797678712747,2.056193347693,0.0213802388149399,0.0039
SP500_dedicated_replication,15d,filtered,88,0.915769238079711,0.913335863910304,0.666290998439177,0.62544715512223,0.00875602377781682,13.9021896757969,3,2.29995771256694,2.47514272626788,2.46103923410675,0.00791426118986271,0.008,2.52990140676376,2.11367041865234,2.10162661452569,0.019238777845905,0.0039
SP500_dedicated_replication,1m,filtered,88,0.931088034611156,0.928044536303232,0.678564461326217,0.617526124745653,0.0119257360819257,38.2582311935931,3,3.45668952194269,3.0175454124634,3.00035128154769,0.00175872559134793,0.0038,2.83806562553231,2.3067226945484,2.29357886849942,0.0121123523095082,0.0025
SP500_dedicated_replication,2m,filtered,88,0.939153778637321,0.930994419391188,0.724221069939556,0.58888429865002,0.0318655605621903,90.831151829865,3,5.49426867400144,4.08732183744746,4.01758445858431,6.22663842679838e-05,0.001,3.35162725094858,2.60414184773861,2.55971030212719,0.00610148516074738,0.0027
SP500_dedicated_replication,3m,filtered,88,0.941408527085563,0.930029823872059,0.713353665661638,0.550321963608805,0.0442607979748096,108.447671083023,3,6.31147162159505,4.12234758975133,4.00516695509374,6.50902007164333e-05,0.001,3.71154816605446,2.57567975180327,2.50246424015128,0.00710141906975381,0.0032
SP500_dedicated_replication,4m,filtered,88,0.948099766602538,0.935261443511606,0.73550120912554,0.564401570070568,0.049902078363124,118.014794467768,3,6.31927678494902,4.13062013649621,3.96626467154121,7.47534413505502e-05,0.0004,3.92849977993341,2.60635208220486,2.50264653820619,0.00709801402472754,0.0036
SP500_dedicated_replication,5m,filtered,88,0.947555090688745,0.933066662874182,0.744746391222176,0.567005419031776,0.0559510596277499,127.387799236558,4,6.560902068874,3.83103495860935,3.6350645898886,0.000234902396286651,0.0013,3.71870589651878,2.40142685473763,2.27858576577256,0.0125703175786523,0.0056
SP500_dedicated_replication,6m,filtered,88,0.949595230128129,0.933848485075286,0.757674716769762,0.572847383808586,0.0605425661470888,137.822787271514,5,6.06797253588251,3.793679916452,3.55650960289356,0.000305399332909739,0.0003,3.91212715728823,2.48621368360765,2.33078252127965,0.0110389506962709,0.0066
SP500_dedicated_replication,7m,filtered,88,0.955640058102889,0.940435331503313,0.778651025972207,0.604754961234959,0.0587331160887009,137.267360447645,6,5.2422999390378,3.48442299320153,3.22699011009765,0.000882068839810013,0.0003,3.63131849820017,2.39954181141988,2.22226110587771,0.0144297799258479,0.0063
SP500_dedicated_replication,8m,filtered,88,0.958997454424517,0.943500091768453,0.771988836775336,0.598356910870907,0.059967498741514,131.370298527446,7,5.60889582881623,3.40555269496534,3.11524663373186,0.00124468843413628,0.0002,3.54724964972806,2.317020537066,2.11950631069472,0.0184483420110537,0.007
SP500_dedicated_replication,1d,unfiltered,162,0.686418732031238,0.680589280615742,2.94874714950921,2.96367927975351,0.00569020335103232,-0.296295538138249,4,2.23531714381423,2.14163991570606,2.13501968374397,0.01713615003989,0.018,-0.913919141866272,-0.931049652723097,-0.928171594360415,0.822646008009991,0.9253
SP500_dedicated_replication,5d,unfiltered,162,0.846786158926389,0.845037314921849,1.45982521876805,1.47410638170471,0.00479237861832866,-4.4467360559754,4,2.14650993791461,1.95155573738152,1.94552309315703,0.0267269066381732,0.0177,-0.815803885149168,-0.834238471902715,-0.831659676020553,0.796583575684856,0.9231
SP500_dedicated_replication,10d,unfiltered,162,0.910187945416765,0.909205414880371,1.424012116048,1.43634871210058,0.0034394289094084,-13.296576502201,4,0.979456000489651,1.03405980097069,1.03086331789485,0.15207551528517,0.1627,-0.710105310668979,-0.728302951432426,-0.726051623166736,0.765569357557542,0.8193
SP500_dedicated_replication,15d,unfiltered,162,0.945095129069249,0.944209305828367,1.3386717029251,1.34580268666289,0.00350552456054118,-16.5850830300773,4,0.978595343468673,0.972597499206293,0.969591008244261,0.166852367437705,0.1841,-0.519496703414213,-0.535825370595211,-0.534169028546998,0.703019296567674,0.7621
SP500_dedicated_replication,1m,unfiltered,162,0.988633212876905,0.988090761896349,1.19115340265836,1.19236307748465,0.00239646925773433,-9.56855531205547,4,0.590926256180292,0.540497125403792,0.538826342038776,0.2953754729628,0.3157,-0.22633358224514,-0.243010269225307,-0.24225907648761,0.595556128448302,0.6405
SP500_dedicated_replication,2m,unfiltered,162,1.00508928923177,1.00504237665304,1.03011737420247,1.01970120710404,0.000207921536133158,71.3125608375398,4,0.026274576619391,0.0194828276727752,0.019302337456184,0.49231190982244,0.4934,2.34343011423274,2.01730862350554,1.99862014170489,0.0236663165435573,0.0088
SP500_dedicated_replication,3m,unfiltered,162,1.00912260286672,1.01033998333546,0.989023820748047,0.981177044671157,-0.0053986320810785,51.6506652072796,4,-0.488927406581274,-0.330684805785059,-0.325580045461166,0.627417570435807,0.6349,2.31814781277753,1.45884500199706,1.43632490444609,0.0764250838978413,0.0449
SP500_dedicated_replication,4m,unfiltered,162,1.0146461256709,1.01619296033483,0.994092935378587,0.986144470221577,-0.00686628810766457,52.5630246984161,4,-0.538203843664489,-0.33994753315071,-0.33260133275492,0.630066048235478,0.6373,2.30146012053538,1.31496322807347,1.28654712722111,0.100049534811867,0.0645
SP500_dedicated_replication,5m,unfiltered,162,1.00635679262146,1.00775954282433,0.993908973717147,0.985052568637778,-0.00621644040270013,58.5325147037596,4,-0.430315475977697,-0.27260323853016,-0.265029590840608,0.604337159095189,0.6147,2.37376657435822,1.33654951429749,1.29941659102222,0.0978292961947155,0.0607
SP500_dedicated_replication,6m,unfiltered,162,1.00062966587883,1.00158390526464,0.992552763711769,0.982243354003306,-0.00421658717125322,67.9683948017437,5,-0.286877727212999,-0.167661718257675,-0.161968672789346,0.564233193149422,0.5776,2.68367725372358,1.40226033565859,1.35464581797203,0.0887141782212617,0.0461
SP500_dedicated_replication,7m,unfiltered,162,0.997219643414614,0.997386696070884,0.991182193342034,0.980431197984351,-0.000737448069945483,70.8584655544039,6,-0.0501055895276455,-0.0282332262514905,-0.0271002715217816,0.510793339929127,0.5251,2.68495001461106,1.36718675265607,1.31232370994109,0.095639386982474,0.0466
SP500_dedicated_replication,8m,unfiltered,162,0.992142787757765,0.993345718608431,0.987571633506298,0.978051518337614,-0.00530703069863996,62.6325348092537,7,-0.33800699329133,-0.196145911925826,-0.187064103074204,0.574077051585462,0.5905,2.33820150054399,1.16463565334228,1.11071151961148,0.134174291760147,0.0731
